Ashanti,Adansi South,ABURASO,COMMUNITY CENTRE NEW EDUBIASE
Ashanti,Adansi South,PETENYINASE,NEAR AMA ADOWA’S HOUSE NEW EDUBIASE
Ashanti,Adansi South,ASAMANYA,CHURCH OF PENTECOST CENTRAL ASS. NEW EDUBIASE
Ashanti,Adansi South,OLD ASAMAN,"METH PRIM SCH, NEW EDUBIASE (A)"
Ashanti,Adansi South,AMUDURASE,"D/A PRIM SCH, AMUDURASE"
Ashanti,Adansi South,MENANG,D/A PRIM SCH MENANG
Ashanti,Adansi South,TONKOASE,D/A PRIM SCH TONKOASE NO.2
Ashanti,Adansi South,AKUTRESO,D/A PRIM SCH AKUTRESO
Ashanti,Adansi South,SUBRISO,D/A PRIM SCH SUBRISO
Ashanti,Adansi South,SOMOROSO,D/A PRIM SCH SOMOROSO
Ashanti,Adansi South,NSATA SUBRISO,D/A PRIM SCH NSATA SUBRISO
Ashanti,Adansi South,ATOBIASE EAST,CATHOLIC CHURCH ATOBIASE
Ashanti,Adansi South,ATOBIASE WEST,METH CHURCH ATOBIASE
Ashanti,Adansi South,KRAMOKROM,D/A PRIM SCH KRAMOKROM
Ashanti,Adansi South,APAGYA EAST,R/C PRIM SCH APAGYA
Ashanti,Adansi South,APAGYA WEST,D/A JHS APAGYA
Ashanti,Adansi South,APAGYA SOUTH,CMB SHED APAGYA
Ashanti,Adansi South,FAHIAKOBO,D/A PRIM SCH FAHIAKOBO
Ashanti,Adansi South,WURUYIE EAST,SAVIOUR CHURCH CHAPEL WURUYIE
Ashanti,Adansi South,WURUYIE WEST,WURUYIE JHS NEW BLOCK
Ashanti,Adansi South,ATWEREBOANA,"METHODIST CHURCH, ATWEREBOANA"
Ashanti,Adansi South,KOTWEA,D/A PRIM SCH KOTWEA
Ashanti,Adansi South,EDWENASE,D/A PRIM SCH EDWENASE
Ashanti,Adansi South,ACHEASEWA,D/A PRIM SCH ACHEASEWA
Ashanti,Adansi South,ADANSI PRASO,R/C PRIM SCH ADANSI PRASO
Ashanti,Adansi South,ATAASE NKWANTA,ROMAN CATHOLIC CHURCH ATAASE NKWANTA
Ashanti,Adansi South,NKRANFO NKWANTA,D/A PRIM SCH NKRANFO NKWANTA
Ashanti,Adansi South,SUBIN CAMP,D/A JHS SUBIN CAMP
Ashanti,Adansi South,HWIDIEM,D/A PRIM SCH HWIDIEM
Ashanti,Adansi South,DWENDAMA,D/A PRIM DWENDAMA
Ashanti,Adansi South,AKROFUOM EAST,AKROFUOM CATHOLIC JHS
Ashanti,Adansi South,AKROFUOM WEST,AKROFUOM D/A PRIM SCH
Ashanti,Adansi South,NANA OKAI,AKROFUOM METHODIST JHS (B)
Ashanti,Adansi South,NKORANSA,D/A JHS NKORANSA
Ashanti,Adansi South,MENSONSO,MENSONSO D/A PRIM SCHOOL
Ashanti,Adansi South,SIKAMAN,METHODIST PRIM SCH SIKAMAN
Ashanti,Adansi South,GRUMESA,D/A JHS GRUMESA
Ashanti,Adansi South,BOTWEKROM,D/A PRIM SCH BOTWEKROM
Ashanti,Adansi South,WAMASI,D/A PRIM SCH WAMASI
Ashanti,Adansi South,ADAMSO,D/A JHS ADAMSO
Ashanti,Adansi South,AMPUNYASE,D/A PRIM SCH AMPUNYASE NKWANTA
Ashanti,Adansi North,OLD KUSA,CHIEFS PALACE KUSA*
Ashanti,Adansi North,FOMENA WEST,COUNCIL HALL FOMENA
Ashanti,Adansi North,FOMENA EAST,CHIEFS PALACE FOMENA
Ashanti,Adansi North,OLD AYAASE,CATHOLIC PRIM. SCH.* OLD AYAASE
Ashanti,Adansi North,DOMPOASE,DIST. EDUC. OFFICE DOMPOASE
Ashanti,Adansi North,AMPEDWEE,MARKET SQUARE DOMPOASE
Ashanti,Adansi North,ANAMANAKO,COCOA SHED DOMPOASE
Ashanti,Adansi North,AGOGOOSO,D/A PRIM. AHINSAN*
Ashanti,Adansi North,MEDOMA,ROMAN CATH. PRIM. SCH* MEDOMA
Ashanti,Adansi North,OLD AKROFUOM,D/A PRIM. SCH*. OLD AKROFUOM
Ashanti,Adansi North,BOBRIASE,D/A JHS BOBRIASE
Ashanti,Adansi North,AKROKERRIFIE,CHIEF’S PALACE* AKROKERRIFIE
Ashanti,Adansi North,SAMPAKROM,METHODIST CHURCH AKROKERRI
Ashanti,Adansi North,ADUMANU,D/A PRIM SCH. ABADWUM*
Ashanti,Adansi North,KWAPIA,R/C PRIM. SCH. KWAPIA*
Ashanti,Adansi North,DADWEN/KYEKYEWERE,D/A JHS KYEKYEWERE*
Ashanti,Adansi North,ASOKWA,D/A JHS ‘2’ ASOKWA
Ashanti,Adansi North,BROFOYEDRU EAST,METH. JHS BROFOYEDRU*
Ashanti,Adansi North,BROFOYEDRU WEST,UNITED JHS BROFOYEDRU
Ashanti,Adansi North,BODWESANGO WEST,SDA PRIM. SCH BODWESANGO
Ashanti,Adansi North,BODWESANGO EAST,AHENFIE BODWESANGO
Ashanti,Adansi North,PIPIISO,D/A JHS PIPIISO*
Ashanti,Adansi North,ABOABO,D/A PRIM. SCH. ABOABO*
Ashanti,Adansi North,NYANKUMASI,D/A PRIM. SCH.* NYANKOMASE
Ashanti,Adansi North,SAPONSO,D/A PRIM. SCH. SAPONSO
Ashanti,Adansi North,MEM,D/A PRIM. SCH. MEM
Ashanti,Adansi North,NSOKOTE,D/A PRIM. SCH. NSOKOTE*
Ashanti,Adansi North,ASIRIFIKROM,D/A PRIM SCH. ASIRIFIKROM*
Ashanti,Adansi North,ANSA,D/A PRIM SCH. ANSA*
Ashanti,Adansi North,NKWANTENSO,R/C PRIM. SCH*. NKWANTENSO
Ashanti,Adansi North,ODEM,D/A PRIM. SCH. ODEM*
Ashanti,Adansi North,FUMSO,MARKET SQUARE’A’ FUMSO*
Ashanti,Adansi North,KOJO NKWANTA,D/A PRIM SCH* KOJO NKWANTA
Ashanti,Adansi North,ANWONA,D/A JHS ANWONA*
Ashanti,Adansi North,BIAKWASO,D/A PRIM. SCH. BIAKWASO*
Ashanti,Adansi North,ANHWIASO,D/A PRIM. SCH. ANHWIASO*
Ashanti,Adansi North,NEW AKROFUOM,D/A PRIM. SCH. NEW AKROFUOM
Ashanti,Adansi North,KONSIMWAA,D/A PRIM. SCH. KONSIMWAA*
Ashanti,Adansi North,PEWODIE,D/A PRIM. SCH PEWODIE*
Ashanti,Adansi North,AKWANSREM,D/A PRIM. SCH AKWANSREM*
Ashanti,Adansi North,HWEREMOASE,METH. PRIM. SCH.* HWEREMOASE
Ashanti,Adansi North,TEWOBABI,D/A JHS TEWOBABI*
Ashanti,Adansi North,NYANKUMASU,D/A PRIM. SCH.* NYANKUMASU
Ashanti,MANHYIA SUB METRO,KROBO,K.O. METHODIST SCH. PARK
Ashanti,MANHYIA SUB METRO,ODUMASI,SOCIAL WELFARE ASH -TOWN ‘A’
Ashanti,MANHYIA SUB METRO,MANHYIA,ST.ANNES ANGLICAN CHURCH ASH TOWN A
Ashanti,MANHYIA SUB METRO,AFIA KOBI,REGIONAL HOUSE OF CHIEFS MANHYIA A
Ashanti,MANHYIA SUB METRO,ODUMASI CPC,R/C CHURCH ODUMASI
Ashanti,OLD TAFO,KROFOFROM EAST,NANA FODOUR'S HOUSE KROFOFROM
Ashanti,OLD TAFO,KROFOFROM WEST,CHRIST APOSTOLIC CHURCH NEW TAFO
Ashanti,OLD TAFO,YENYAWOSO,YENYAWOSO PRESBY CHURCH A
Ashanti,OLD TAFO,BUOKROM,BUOKROM TOWN COUNCIL
Ashanti,OLD TAFO,BUOKROM ESTATE,CS BUOKROM ESTATE A
Ashanti,OLD TAFO,DOTE,GOLDEN GATE SCH.
Ashanti,OLD TAFO,DUASE,ASSEMBLIES OF GOD CHURCH
Ashanti,OLD TAFO,AHENBRONUM,PENTECOSTAL LIFE CHURCH OLD TAFO
Ashanti,OLD TAFO,AHENBRONUM NORTH,MEDOS SPOT OLD TAFO
Ashanti,OLD TAFO,TAFO NHYIAESO,MORO MARKET TAFO NHYIAESO
Ashanti,OLD TAFO,SANTAN,METHODIST PRIMARY TAFO A
Ashanti,OLD TAFO,ADOMPOM,OLD TAFO ROMAN MISSION ‘A’
Ashanti,OLD TAFO,TAFO/ PANKRONO ESTATE,FAITH INTERNATIONAL SCHOOL BOANWENE
Ashanti,OLD TAFO,PANKRONO,R\C NURSERY SCHOOL PANKRONO A
Ashanti,OLD TAFO,PANKRONO EAST,AKWASI OPPONG'S STORE PANKRONO
Ashanti,SUAME,OLD SUAME,METHODIST CHURCH SUAME ‘A’
Ashanti,SUAME,NEW SUAME,M/A PRIM. SCH. ANONOMNSA
Ashanti,SUAME,TARKWA ANOMANGYA,ANOMANGYE POLE ASE
Ashanti,SUAME,MAAKRO,M/A PRIMARY SCH. MAAKRO “A”
Ashanti,SUAME,BREMAN CENTRAL,SOCIAL CENTRE BREMANG
Ashanti,SUAME,BREMAN EAST,T\B ASABRE JUNCTION NKWANTWIMA
Ashanti,SUAME,ABUSUA AKRUWA,PENTECOSTAL LIFE CHURCH ASUOGYA
Ashanti,SUAME,KRONUM/ KWAPRA,ST. JOHN R/C SCH. KRONUM
Ashanti,SUAME,ABUOHIA/ KYEREASE,ANGLE EDUCATIONAL COMPLEX ABUOHIA
Ashanti,Sekyere South,SEADE,KONA BANTAMA
Ashanti,Sekyere South,ADOAGYIRI,KONA METH PRIM SCH
Ashanti,Sekyere South,EBEYEYIE,"METHODIST PRIM. SCHOOL, ODUMASE"
Ashanti,Sekyere South,DOMEABRA,"L/A JHS, ABRAKASO"
Ashanti,Sekyere South,AFAMANSO,"SDA PRIMARY SCHOOL, AFAMANSO NO.1"
Ashanti,Sekyere South,BEDOMASE,AKOTOSU WEGHING CENTRE
Ashanti,Sekyere South,AGONA WEST,"SDA PRIMARY SCHOOL, AGONA NO.1"
Ashanti,Sekyere South,ASIKAFOAMANTEM,"COMMUNITY CENTRE, AGONA"
Ashanti,Sekyere South,OWUOSU,"FUNERAL GROUNDS, AGONA"
Ashanti,Sekyere South,AYAWOASE,"TRADITIONAL COUNCIL OFFICE, AGONA"
Ashanti,Sekyere South,AGONA AKROFONSO,"L/A JHS, AKROFONSO"
Ashanti,Sekyere South,ABURASO,"RC PRIMARY SCHOOL, ASAMANG"
Ashanti,Sekyere South,ASMANG AHENBRONUM,ASAMANG COMMUNITY CENTRE
Ashanti,Sekyere South,SEWUO,"SDA MIDDLE SCHOOL, ASAMANG"
Ashanti,Sekyere South,KONYA-BREHOMA,"ADU SARKODIE’S FAMILY COMPOUND, KONYA"
Ashanti,Sekyere South,JAMASI-EAST,"RC JHS, JAMASI"
Ashanti,Sekyere South,JAMASI CENTRAL,"JAMASI A, AHENBOBOANO"
Ashanti,Sekyere South,TUNSUOM,JAMASI METHODIST PRIMARY SCHOOL
Ashanti,Sekyere South,DEWU-TABRE,"L/A EXPERIMENTAL, TABRE"
Ashanti,Sekyere South,BOANIM,"RC PRIMARY SCHOOL, BOANIM"
Ashanti,Sekyere South,DOME,"L/A PRIMARY, DOME"
Ashanti,Sekyere South,BIPOA SOUTH,"UNITED PRIMARY SCHOOL, BIPOA"
Ashanti,Sekyere South,BIPOA WEST,L/A JHS BIPOA NO. 1
Ashanti,Sekyere South,MONTONSUA,"METHODIST PRIMARY SCHOOL, MUOSO"
Ashanti,Sekyere South,ANKAASE,"SDA PRIMARY SCHOOL, WIAMOASE"
Ashanti,Sekyere South,GYIDIM MISSION,WIAMOASE TANNOSO SDA CHURCH
Ashanti,Sekyere South,DOMINASE SOUTH,"CMB SHED, WIAMOASE"
Ashanti,Sekyere South,DOMINASE WEST***,WIAMOASE MUSLIM PRIMARY SCHOOL 1
Ashanti,Sekyere South,AMANGOASE,WIAMOASE SALVATION ARMY PRIMARY SCHOOL
Ashanti,Sekyere South,BEPOASE NEW TOWN,BEPOASE ZONGO PARK
Ashanti,Sekyere South,BEPOASE OLD TOWN,BEPOASE MARKET SQUARE
Ashanti,Sekyere South,FUNIFUNI***,"L/A PRIMARY SCHOOL, KOKOTEASUA"
Ashanti,Sekyere South,KOFIFOFIEKROM***,"L/A PRIMARY SCHOOL, KOFIFOFIEKROM"
Ashanti,Bekwai Municipal,E/A NAME,DESIGNATED REGISTRATION CENTRE
Ashanti,Bekwai Municipal,AKYEREMADE,AKYEREMADE J H S
Ashanti,Bekwai Municipal,KOKOFU,KOKOFU M/A J H S
Ashanti,Bekwai Municipal,ASAMANG,ASAMANG M/A J H S
Ashanti,Bekwai Municipal,ESSUMEJA CONT’ ESSUMEJA,ESSUMEJA R/C PRIM SCH
Ashanti,Bekwai Municipal,DOMINASE,DOMINASE M/A PRIM
Ashanti,Bekwai Municipal,ADJAMESU,ADJAMESU ZION PRIM N0. 1
Ashanti,Bekwai Municipal,SENFI,M/A JHS SENFI
Ashanti,Bekwai Municipal,OFOASE-KOKOBEN,R/C JHS OFOASE KOKOBEN
Ashanti,Bekwai Municipal,ANWIANKWANTA,M/A JHS ANWIANKWANTA (A)
Ashanti,Bekwai Municipal,HUNTADO,HUNTADO M/ A PRIM SCH
Ashanti,Bekwai Municipal,POANO,POANO M/ A JHS (A)
Ashanti,Bekwai Municipal,NTINANKO,NTINANKO R/C PRIM
Ashanti,Bekwai Municipal,SARFOKROM,SARFOKROM M/ A JHS
Ashanti,Bekwai Municipal,DWUMAKRO,DWUMAKRO M/ A PRIM
Ashanti,Bekwai Municipal,PAMPASO,PAMPASO ANGLICAN PRIM
Ashanti,Bekwai Municipal,KENSERE,METH PRIM N0. 1 KENSERE
Ashanti,Bekwai Municipal,BOGYAWE/ANKAASE CONT’ BOGYAWE/ ANKAASE,BOGYAWE M/ A JHS
Ashanti,Bekwai Municipal,SANFO-ADUAM,ADUAM M/A JHS
Ashanti,Bekwai Municipal,KWAMANG/ABESSEWA,KWAMANG M/A PRIM SCH (A)
Ashanti,Bekwai Municipal,KOKOTRO,METH CHURCH KOKOTRO
Ashanti,Bekwai Municipal,DOTOM,DOTOM M/A JHS
Ashanti,Bekwai Municipal,ASOKORE,ASOKORE METH PRIM SCH
Ashanti,Bekwai Municipal,ABODOM,ABODOM METH JHS 1
Ashanti,Bekwai Municipal,DADEASE,DADEASE R/ C PRIM SCH
Ashanti,Bekwai Municipal,DWOAMIN,BESEASE ANGLICAN
Ashanti,Bekwai Municipal,AMOAFUL,AMOAFUL PRESBY PRIM SCH
Ashanti,Bekwai Municipal,NEW ZONGO,BEKWAI EXPERIMENTAL JHS
Ashanti,Bekwai Municipal,ASOKWA-TUNSUOM,APOSTOLIC CHURCH BEKWAI
Ashanti,Bekwai Municipal,PRAMASO -NYAMEDUASE,COUNCIL HALL BEKWAI
Ashanti,Bekwai Municipal,BROFOYEDURU,BEKWAI SSNIT QUEST HSE
Ashanti,Bekwai Municipal,NAMPANSA,BEKWAI R/C JHS
Ashanti,Bekwai Municipal,PEPIDAN-AKWABETOSO,KOKYEREKROM M/A SCH
Ashanti,Bekwai Municipal,ADANKRANJA,S.D.A PRIM SCH ADANKRANJA
Ashanti,Bekwai Municipal,ASANSO-FEYIASE,S.D.A PRIM SCH ASANSO
Ashanti,Amansie Central,AKROFROM,AKROFROM PRESBY PRIM.SCH.
Ashanti,Amansie Central,DONKOASE,DONKOASE D/A JHS
Ashanti,Amansie Central,ASIKASU,ASIKASU METHODIST PRIM.
Ashanti,Amansie Central,AFOAKO,AFOAKOR/C PRIM.SCH.
Ashanti,Amansie Central,APITISU,PRESBY PRIM APITISU No.2
Ashanti,Amansie Central,TWEAPEASE,R/C ORIM TWEAPEASE
Ashanti,Amansie Central,SUHYENSO,D/A JHS SUHYENSO
Ashanti,Amansie Central,NUMERESO,NUMERESO D/A PRIM SCH.
Ashanti,Amansie Central,FAHIAKOBO,FAHIAKOBO D/A PRIM
Ashanti,Amansie Central,BEPOTENTEN,BEPOTENTENG D/A JHS
Ashanti,Amansie Central,OSEIKROM,OSEIKROM D/A PRIM
Ashanti,Amansie Central,MILE 14,METHODIST PRIM. MILE 14
Ashanti,Amansie Central,FENASO – FAWOMANG,FAWOMANG D/A JHS
Ashanti,Amansie Central,HUU,HUU D/A JHS
Ashanti,Amansie Central,HIAYEYA,HIAYEYA D/A PRIM. SCH.
Ashanti,Amansie Central,ODUMTO,ODUMTO D/A PRIM SCH.
Ashanti,Amansie Central,HIA,HIA D/A PRIM SCH.
Ashanti,Amansie Central,MILE 9,D/A JHS MILE 9
Ashanti,Amansie Central,ABOAGYEKROM,L/A PRIM ABOAGYEKROM
Ashanti,Amansie Central,FIANKOMA,FIANKOMA R/C PRIM SCH.
Ashanti,Amansie Central,ABUNTUNSO,ABUNTUNSO D/A PRIM
Ashanti,Amansie Central,WAWASE ABOAKWAA,ABUAKWAA D/A PRIM
Ashanti,Amansie Central,TUNSUOM,R/C PRIM A JACOBU
Ashanti,Amansie Central,ODUMASE - MONSIE,JACOBU METHODIST PRIM.
Ashanti,Amansie Central,KROFROM,JACOBU EXPERIMENTAL A PRIM
Ashanti,Amansie Central,ADOWA,ADOWA D/A PRIM SCH.
Ashanti,Amansie Central,BIRIBIWOMANG,METHODIST PRIM BIRIBIWOMANG
Ashanti,Amansie Central,AKATEKYIESO,D/A JHS AKETECHIESO
Ashanti,Sekyere East,ASOKORE WEST,TRADITIONAL COUNCIL OFFICE ASOKORE
Ashanti,Sekyere East,ASOKORE NORTH,HAMNIDANIYA ISLAMIC SCH. ASOKORE
Ashanti,Sekyere East,OWORAMSO,SDA PRIMARY SCHOOL ASOKORE (A)
Ashanti,Sekyere East,ASOKORE SOUTH,METHODIST JHS ASOKORE
Ashanti,Sekyere East,ASOKORE EAST,RURAL BANK ASOKORE
Ashanti,Sekyere East,SENCHI,METHODIST PRIMARY SCHOOL
Ashanti,Sekyere East,AHWEREWA,D/A PRIMARY SCHOOL
Ashanti,Sekyere East,OKAIKROM,SALVATION ARMY PRIMARY SCHOOL NYAMFA
Ashanti,Sekyere East,ODUROKROM,D/A PRIMARY SCHOOL ODUROKROM
Ashanti,Sekyere East,AHENSAN,SDA PRIMARY AHENSAN
Ashanti,Sekyere East,AKOKOASO,A.M.E. ZION PRI. SCH. AKOKOASO
Ashanti,Sekyere East,ANUNYA,D/A PRIMARYSCHOOL ANUNYA
Ashanti,Sekyere East,BIMMA NO. 1,R/C PRIMARY SCHOOL BIMMA NO. 1
Ashanti,Sekyere East,EFFIDUASE WEST,D/A 2 PRIMARY SCHOOL EFFIDUASE
Ashanti,Sekyere East,OKUASE,POST OFFICE SQUARE EFFIDUASE
Ashanti,Sekyere East,EFFIDUASE EAST,LOWER PRESBY PRIMARY SCHOOL EFFIDUASE
Ashanti,Sekyere East,EFFIDUASE NORTH,AMALGAMATED ISLAMIC SCHOOL EFFIDUASE
Ashanti,Sekyere East,AKWAMU,PRESBY JHS EFFIDUASE
Ashanti,Sekyere East,EFFIDUASE SOUTH,R/C JHSEFFIDUASE (A)
Ashanti,Sekyere East,DAAMAN,METHODIST PRIMARY SCHOOL (A)
Ashanti,Sekyere East,NTUNKUMSO,R/C PRIMARY NTUNKUMSO
Ashanti,Sekyere East,BOUYA,T.I. AHMADIYYA PRIMARY SCHOOL BOUYA
Ashanti,Sekyere East,SENIAGYA EAST,R/C PRIMARY SCHOOL SENIAGYA
Ashanti,Sekyere East,SENIAGYA WEST,METHODIST PRI. SCHOOL NO. 2
Ashanti,Sekyere East,NKWANKWANUA,PRESBY PRIMARY SCHOOL NKWANKWANUA
Ashanti,Sekyere East,AWAHAM BROFOYEDRU,D/A PRIMARY SCHOOL AWAHAM -BROFOYEDRU
Ashanti,Bosome Freho,MORONTUO,MORONTUO L/A PRIM SCH.
Ashanti,Bosome Freho,AMPENTO,BEPOSO COMM. CENTRE
Ashanti,Bosome Freho,DAGYABSI,DAGYABSI R/C PRIM
Ashanti,Bosome Freho,APEWU,APEWU PRESBY PRIM
Ashanti,Bosome Freho,DOMPO,DOMPA R/C PRIM
Ashanti,Bosome Freho,ANKAASE,ANKAASE METH. PRIM.
Ashanti,Bosome Freho,ADEITO,ADEITO L/A PRIM SCH.
Ashanti,Bosome Freho,YAPESA,YAPESA COMM. HALL
Ashanti,Bosome Freho,ASIWA,ASIWA PRESBY PRIM
Ashanti,Bosome Freho,ANYINASW/DANSO,ANYINASE R/C PRIM
Ashanti,Bosome Freho,ANYANSO/ANIMSO,ANYANSO METH. PRIM A/B
Ashanti,Bosome Freho,NSUAEM 11,NS L/A JHSUAEM 11
Ashanti,Bosome Freho,NSUAEM 1,NSUAEM 1 L/A PRIM
Ashanti,Bosome Freho,KORCHIKROM,KORCY PRIMIKROM L/A JHSH
Ashanti,Bosome Freho,ABISAMSO,ABOSAMSO L/A PRIM
Ashanti,Bosome Freho,TEBESI 11,TEBESO 11 PRESY PRIM
Ashanti,Bosome Freho,ANWIASO / DWUMAKYI,ANWIASO METH. PRIM.
Ashanti,Bosome Freho,ANOMAWOBI,ANOMAWOBI L/A PRIM
Ashanti,Bosome Freho,DAMASCUS,DAMASCUS L/A PRIM
Ashanti,Bosome Freho,NSUTA,NSUTA L/A JHS
Ashanti,Bosome Freho,NSESE,NSESENL/A PRIM
Ashanti,Sekyere Kumawu,Ahenbrounu,"L/A 2 Primary School, Oyoko No.1"
Ashanti,Sekyere Kumawu,Aburaso Zongo,"Methodist Primary School, Oyoko"
Ashanti,Sekyere Kumawu,Bomeng,"Presby Primary School, Bomeng"
Ashanti,Sekyere Kumawu,Akronfonso,"Presby Primary School, Akronfonso (Community Centre)"
Ashanti,Sekyere Kumawu,Banko Pramso,"Presby Primary School, Banko No.1"
Ashanti,Sekyere Kumawu,Foase Banko,L/A JHS Banko
Ashanti,Sekyere Kumawu,Sekyere,"L/A Primary School, Sekyere"
Ashanti,Sekyere Kumawu,Dadiase,"L/A Primary School, Dadiase"
Ashanti,Sekyere Kumawu,Akotosu Apereato,"L/A Primary School, Dadease"
Ashanti,Sekyere Kumawu,Asekyerewa,"Methodist Primary School, Asekyerewa"
Ashanti,Sekyere Kumawu,Akrokyere,"Presby Primary School, Akrokyere"
Ashanti,Sekyere Kumawu,Market Square Kumawu,"Methodist Church, Kumawu"
Ashanti,Sekyere Kumawu,Etia,"SDA Primary School, New Gyidi"
Ashanti,Sekyere Kumawu,Pepease,"Methodist Primary School, Pepease"
Ashanti,Sekyere Kumawu,Abotanso,"Methodist Primary School, Abotanso"
Ashanti,Sekyere Kumawu,Presby Mission,"Presby Mission School, Kumawu"
Ashanti,Sekyere Kumawu,Ahenboboano,"Chief’s Palace, Kumawu"
Ashanti,Sekyere Kumawu,Apebiakyere Bungalow,"Anglican Primary School, Kumawu"
Ashanti,Sekyere Kumawu,Nkwanta,"A M E Zion Primary School, Nkwanta"
Ashanti,Sekyere Kumawu,Besoro,"R/C Primary School, Besoro"
Ashanti,Sekyere Kumawu,Bodomase Bungalow,"R/C Primary School, Bodomase"
Ashanti,Sekyere Kumawu,Bodamase Sawmill,"Methodist JHS, Bodomase"
Ashanti,Sekyere Kumawu,Bodomase Etia,"L/A Primary School, Bodomase"
Ashanti,Sekyere Kumawu,Aninagya,"Methodist Primary School, Aninagya"
Ashanti,Sekyere Kumawu,Woraso,"Post Office, Woraso"
Ashanti,ASANTE AKIM SOUTH,ELECTORAL AREA,DESIGNATED REGISTRATIONS CENTRE
Ashanti,ASANTE AKIM SOUTH,AMANTIA,AMANTIA METH PRIM SCH A
Ashanti,ASANTE AKIM SOUTH,MURONAIM,MURONAIM METH PRIM SCH
Ashanti,ASANTE AKIM SOUTH,TOKWAI,TOKWAI METTH PRIM SCH
Ashanti,ASANTE AKIM SOUTH,KPONE PRASO,KOKOBIN D/A PRIM SCH
Ashanti,ASANTE AKIM SOUTH,TOKWAI ASUBOI,TOKWAI ASUBOI D/A PRIM SCH
Ashanti,ASANTE AKIM SOUTH,BANKA,BANKA JHS
Ashanti,ASANTE AKIM SOUTH,YAWBRONYAKROM,YAWBRONYAKROM D/A PRIM SCH
Ashanti,ASANTE AKIM SOUTH,OFOASE EAST,OFOASE PRESBY PRIM SCH
Ashanti,ASANTE AKIM SOUTH,OFOASE WEST,OFOASE R/C PRIM SCH
Ashanti,ASANTE AKIM SOUTH,BANKAME,BANKAME METH PRIM SCH
Ashanti,ASANTE AKIM SOUTH,BANSO EAST,BANSO D/A PRIM SCH
Ashanti,ASANTE AKIM SOUTH,BANSO WEST,BANSO D/A PRIM SCH
Ashanti,ASANTE AKIM SOUTH,ATIEMO NKWANTA,ATIEMO NKWANTA D/A PRIM SCH
Ashanti,ASANTE AKIM SOUTH,KOIKROM,KOIKROM S D A PRIM SCH
Ashanti,ASANTE AKIM SOUTH,DWENDWENASE OLD TOWN,DWENDWENASE PRESBY PRIM SCH A
Ashanti,ASANTE AKIM SOUTH,DWENDWENASE AHENBRONUM,DWENDWENASE J H S A
Ashanti,ASANTE AKIM SOUTH,DESIGNATED REGISTRATIONS CENTRE,OTHER POLLING STATIONS
Ashanti,ASANTE AKIM SOUTH,CHEMPO,CHEMPO D/A PRIM SCH
Ashanti,ASANTE AKIM SOUTH,TAKYIKROM /SUBINSO,TAKYIKROM D/A PRIM SCH
Ashanti,ASANTE AKIM SOUTH,SAABO,SAABO D/A PRIM SCH
Ashanti,ASANTE AKIM SOUTH,KOMESO,KOMESO PRESBY PRIM SCH
Ashanti,ASANTE AKIM SOUTH,YAWBARIMAKROM,YAWBARIMAKROM D/A PRIM SCH
Ashanti,ASANTE AKIM SOUTH,OBOGU EAST,OBOGU PRESBY PRIM SCH NO. 1
Ashanti,ASANTE AKIM SOUTH,SAALAM,OBOGU COURT HALL
Ashanti,ASANTE AKIM SOUTH,OBOGU WEST,OBOGU C M B SHED
Ashanti,ASANTE AKIM SOUTH,KROBOLINE,OBOGU D/A J H S NO. 1
Ashanti,ASANTE AKIM SOUTH,DEBIASO,JUASO PRESBY J H S A
Ashanti,ASANTE AKIM SOUTH,ASIKAFOAMANTEM,JUASO SEC SCH A
Ashanti,ASANTE AKIM SOUTH,JUASO AHENBRONUM,JUASO PRESBY PRIM SCH
Ashanti,ASANTE AKIM SOUTH,KOKWADO,JUASO COURT HALL
Ashanti,ASANTE AKIM SOUTH,JUASO JUNCTION,JUASO HOSPITAL
Ashanti,ASANTE AKIM SOUTH,MORSO AHENBRONUM,PRESBY PRIM SCH MORSO A
Ashanti,ASANTE AKIM SOUTH,BESEASE,D/A J H S MORSO A
Ashanti,ASANTE AKIM SOUTH,KROFA EAST,KROFA PRESBY PRIM SCH A
Ashanti,ASANTE AKIM SOUTH,KROFA WEST,KROFA D/A J H S
Ashanti,ASANTE AKIM SOUTH,ADOMFE,ADOMFE PRESBY PRIM SCH A
Ashanti,ASANTE AKIM SOUTH,WENKYI,WENKYI PRESBY PRIM SCH
Ashanti,ASANTE AKIM SOUTH,BOMPATA EAST,BOMPATA PRESBY D/A PRIM SCH NO. 1
Ashanti,ASANTE AKIM SOUTH,BOMPATA WEST,BOMPATA PRESBY J H S A
Ashanti,ASANTE AKIM SOUTH,ASANKARE,ASANKARE PRESBY PRIM SCH
Ashanti,ASANTE AKIM SOUTH,ATWEDIE,ATWEDIE PRESBY PRIM SCH
Ashanti,ASANTE AKIM SOUTH,ASUBOA,ASUBOA METH PRIM SCH
Ashanti,ASANTE AKIM SOUTH,DAMPONG,DAMPONG PRESBY PRIM SCH A
Ashanti,ASANTE AKIM SOUTH,MIREKU,MIREKU D/A J H S
Ashanti,ASANTE AKIM SOUTH,PRA- RIVER,PRA- RIVER PRESBY PRIM SCH
Ashanti,ASANTE AKIM SOUTH,DADIESO,DADIESO D/A PRIM SCH
Ashanti,ASANTE AKIM SOUTH,MURAMURA,MURAMURA R/C J H S
Ashanti,Atwima Nwabiagya,AMANCHIA,CMB SHED AMANCHIA
Ashanti,Atwima Nwabiagya,KOBEING/SEIDI,PRESBY PRI SCH KOBENG
Ashanti,Atwima Nwabiagya,GYANKOBAA/WIOSO,R/C PRI SCH GYANKOBAA
Ashanti,Atwima Nwabiagya,TOASE,L/A CONT SCH TOASE
Ashanti,Atwima Nwabiagya,NKAWIE PANIN,ANG PRI SCH NKAWIE PANIN
Ashanti,Atwima Nwabiagya,NKAWIE KUMA,CHIFE PALACE NKAWIE KUMA
Ashanti,Atwima Nwabiagya,NKAAKOM/ZONGO,OLD MOSQUE NKAWIE KUMA
Ashanti,Atwima Nwabiagya,NEREBEHI,R/C PRI NEREBEHI
Ashanti,Atwima Nwabiagya,AFARI,PRESBY LOWER AFARI A
Ashanti,Atwima Nwabiagya,ATWIMA MIM,D/A PRI SCH ATWIMA MIM A
Ashanti,Atwima Nwabiagya,SEPAASE,DURBAR GROUNDS SEPAASE A
Ashanti,Atwima Nwabiagya,ATWIMA MAAKRO,CHIEF’S PALACE ATWIMA MAAKRO A
Ashanti,Atwima Nwabiagya,ATWIMA AGOGO,L/A JHS ATWIMA AGOGO A
Ashanti,Atwima Nwabiagya,ASENEMASO,L/A PRI SCH ASENEMASO A
Ashanti,Atwima Nwabiagya,ABUAKWA/BOASO,ABUAKWA R/C PRI SCH A
Ashanti,Atwima Nwabiagya,ABUAKWA/DADIASE/NSUO-NTEM,CMB SHED DADIASE A
Ashanti,Atwima Nwabiagya,ABUAKWA/WIRENKYIRE,GH WATER COM. OFFICE ABUAKWA
Ashanti,Atwima Nwabiagya,ATWIMA MANHYIA,METH JHS MANHYIA A
Ashanti,Atwima Nwabiagya,ATWIMA KOFORIDUA,MARKERT SQUARE ATWKOFORIDUA
Ashanti,Atwima Nwabiagya,TABIRI,METH PRI SCH TABIRI
Ashanti,Atwima Nwabiagya,HAIWU/BESEASE,METH JHS HIAWU BESEASE
Ashanti,Atwima Nwabiagya,MFENSI,L/A JHS MFENSI A
Ashanti,Atwima Nwabiagya,ASAKRAKA,L/A PRI SCH ASAKRAKA
Ashanti,Atwima Nwabiagya,NTABAANU,D/A PRI SCH NTABAANU
Ashanti,Atwima Nwabiagya,AKROPONG,CHIFE PALACE AKROPONG A
Ashanti,Atwima Nwabiagya,NWABI,D/A JHS ESAASE A
Ashanti,Atwima Nwabiagya,DABAA,L/A PRI SCH DABAA
Ashanti,Atwima Nwabiagya,PASRO,L/A PRI SCH PASRO
Ashanti,Atwima Nwabiagya,AMAKYE BARE,L/A JHS AMAKYE BARE A
Ashanti,Atwima Nwabiagya,ASUOFUA,HEALTH POST ASUOFUA A
Ashanti,Atwima Nwabiagya,ACHIASE,METH PRI SCH ACHIASE A
Ashanti,Atwima Nwabiagya,ESASO/ADANKWAME,R/C PRI SCH ESASO
Ashanti,Atwima Nwabiagya,ADANKWAME,L/A PRI SCH ADANKWAME A
Ashanti,Atwima Nwabiagya,BAREKESE,BAREKESE MARKET SQUARE
Ashanti,Atwima Nwabiagya,FUFUO,DURBA GROUND FUFUO
Ashanti,Atwima Nwabiagya,ABIRA,L/A PRI SCH ABIRA
Ashanti,Atwima Nwabiagya,WURAPONG,L/A PRI SCH WURAPONG
Ashanti,Amponua,NYINAHIN JUNCTION,NYINAHIN COURT HOUSE
Ashanti,Amponua,NYINAHIN ABOBOWIN,NYINAHIN OLD MARKET SQUARE
Ashanti,Amponua,KYEREYAASO,KYEREYAASO PRESBY
Ashanti,Amponua,AGOGOSO,AGOGOSO D/A BASIC
Ashanti,Amponua,ANWIAFUTU,ANWIAFUTU D/A BASIC
Ashanti,Amponua,KUFFOUR CAMP,KUFFOUR CAMP D/A BASIC
Ashanti,Amponua,ANTWIAGYEIKROM,ANTWIAGYEIKROM D/A BASIC
Ashanti,Amponua,AHYIRESU,AHYIRESU ANG. PRIM
Ashanti,Amponua,OTAAKROM,OTAAKROM D/A PRIM
Ashanti,Amponua,AKOTAA,AKOTAA D/A BASIC
Ashanti,Amponua,NAGOOLE,NAGOOLE D/A BASIC
Ashanti,Amponua,AKONKYE,AKONKYE D/A BASIC
Ashanti,Amponua,SAAKROM,SAAKROM D/A BASIC
Ashanti,Amponua,KOTOKUOM,CMB SHED KOTOKUOM
Ashanti,Amponua,ABASUA,CMB SHED ABASUA
Ashanti,Amponua,SRESO TIMPOM,CMB SHED SRESO TIMPOM
Ashanti,Amponua,SRESO - ANYINASA,CMB SHED SRESO-ANYINASA
Ashanti,Amponua,OKYEREKROM,D/A JHS ABOABOGYA
Ashanti,Amponua,WANSANBIRE,D/A BASIC WANSANBIRE
Ashanti,Amponua,AWISESU,D/A PRIM AWISESU
Ashanti,Amponua,KYEKYEWERE,D/A PRIM KYEKYEWERE
Ashanti,Amponua,DEBRA CAMP,DEBRA CAMP D/A PRIM
Ashanti,Amponua,BAYEREBON NO.5,CMB SHED BAYEREBON NO.5
Ashanti,Amponua,BAYEREBON NO.3,CMB SHED BAYEREBON NO.3
Ashanti,Amponua,OBOASEKROM,D/A PRIM OBOASEKROM
Ashanti,Amponua,TANODUMASI,ANG. PRIM. TANODUMASI
Ashanti,Amponua,GYERESO,D/A PRIM GYERESO
Ashanti,Amponua,ANANSU,D/A JHS ANANSU
Ashanti,Amponua,MPASATIA AHEBRONUM,MPASATIA ABROSANMU
Ashanti,Amponua,MPASATIA ATANASU,D/A PRIM MPASATIA
Ashanti,Amponua,BEDABOUR,D/A PRIM BEDABOUR
Ashanti,Amponua,ANYINAMSO,ANYINAMSO D/A BASIC
Ashanti,Amponua,KWANFINFI,D/A PRIM KWANFINFI
Ashanti,Amponua,NKROMA/BETINKO,R/C JHS NKROMA
Ashanti,Amponua,ADIEMBRA,ADIEMBRA ANG. PRIM
Ashanti,Amponua,ADOBEWURA,PRESBY PRIM ADOBEWURA
Ashanti,Amponua,NTOBROSO,NTOBROSO D/A JHS
Ashanti,Amponua,NEW ACHIASE,CMB SHED NEW ACHIASE
Ashanti,Offinso North,AHENBRONUM,ZION LOWER PRIM. SCH AFRANCHO A
Ashanti,Offinso North,KROFOFROM,R/C PRIM. SCH NO.1 AFRANCHO
Ashanti,Offinso North,NSUOASE,L/A JHS B AFRANCHO
Ashanti,Offinso North,MANKRAMSO,MANKRAMSO D/A PRIM. SCH
Ashanti,Offinso North,TAAKWAEM,TANOKWAEM D/A JHS
Ashanti,Offinso North,ZONGO,R/C JHS AFRANCHO NO.1
Ashanti,Offinso North,NYINATASE,NYINATASE D/A PRIM. SCH
Ashanti,Offinso North,SRANESO NO.1,SRANESO NO.1 D/A PRIM SCH
Ashanti,Offinso North,OLD MIREKO,D/A JHS B AKOMADAN NO.1 A
Ashanti,Offinso North,NEW MIREKO,METHODIST JHS AKOMADAN NO.1 A
Ashanti,Offinso North,NEW ATWENE,L/A JHS AKOMADAN NO.1 A
Ashanti,Offinso North,OLD ATWENE,SAVIOR INT. SCH NO.1
Ashanti,Offinso North,DOME/ESORO,WIAFE AKENTEN JHS NKENKAASU A
Ashanti,Offinso North,NKRAMOMU,R/C PRIM SCH NKENKAASU
Ashanti,Offinso North,EBOMU,METHODIST PRIM. SCH NO.1 A
Ashanti,Offinso North,WAWASE,METHODIST JHS B NKENKAASU NO.1 A
Ashanti,Offinso North,NSENOAFIE,L/A PRIM. SCH NSENOAFIE
Ashanti,Offinso North,PAPASISI,DWENDABI D/A PRIM. SCH.
Ashanti,Offinso North,SAFOKROM,SAFOKROM D/A PRIM. SCH.
Ashanti,Offinso North,AKROFOA,AKROFOA D/A PRIM. SCH
Ashanti,Offinso North,NYAMEBEKYERE NO.1,NYAMEBEKYERE NO.1 D/A PRIM. SCH
Ashanti,Offinso North,DARSO,DARSO D/A PRIM SCH NO.1
Ashanti,Offinso North,KOBRESO,KOBRESO R/C PRIM. SCH. NO.1
Ashanti,Offinso North,NKWAAKWA,NKWAKWAA D/A PRIM. SCH. A
Ashanti,Atwima Kwanwoma,ELECTORAL AREA,DESIGNATED REGISTRATION CENTER
Ashanti,Atwima Kwanwoma,BOKO,BOKO R/C PRIM SCHOOL (A)
Ashanti,Atwima Kwanwoma,TWEDIE,METH PRIM TWEDIE
Ashanti,Atwima Kwanwoma,EDWENEASE FOASE,METH PRIM SCH FOASE
Ashanti,Atwima Kwanwoma,FOASE KOBIRISO,D/A J H S FOASE
Ashanti,Atwima Kwanwoma,TRABUOM,R/C PRIM TRABUOM (A)
Ashanti,Atwima Kwanwoma,JECHI,METH PRIM JECHI
Ashanti,Atwima Kwanwoma,AFRANCHO/CHICHIBON,D/A PRIM AFRANCHO
Ashanti,Atwima Kwanwoma,NWINESO NO. 1,D/A JHS NWINESO NO.1
Ashanti,Atwima Kwanwoma,NWINESO NO. 2,COCOA SHED NWINESO NO. 2
Ashanti,Atwima Kwanwoma,NWINESO NO. 3,R/C PRIM NWINESO NO. 3
Ashanti,Atwima Kwanwoma,KROMOASE,KROMOASE D/A JHS (A)
Ashanti,Atwima Kwanwoma,ABURASO,MARKET SQUARE ABURASO (A)
Ashanti,Atwima Kwanwoma,KWANWOMA AKYEREMADE,AKYEREMADE D/A JHS (A)
Ashanti,Atwima Kwanwoma,YABI,D/A JHS YABI
Ashanti,Atwima Kwanwoma,DIDA,D/A PRIM TAKYIMAN
Ashanti,Atwima Kwanwoma,APIMANIM,D/A PRIM SCHOOL KOKOBEN
Ashanti,Atwima Kwanwoma,BEBU,D/A JHS BEBU (A)
Ashanti,Atwima Kwanwoma,AMPABAME NO. 2,D/A PRIM NKORANSA (A)
Ashanti,Atwima Kwanwoma,HEMANG/APAMPATIA,MARKET SQUARE APAMPATIA (A)
Ashanti,Atwima Kwanwoma,ADUMASA AFAATIA,EDUCATIONAL COMPLEX ADUMASA
Ashanti,Atwima Kwanwoma,BROFOYEDU,PENTECOST CHURCH BROFOYEDRU (A)
Ashanti,Atwima Kwanwoma,KOTWI/TWINDURASE,D/A PRIM KOTWI (A)
Ashanti,Atwima Kwanwoma,TREDE,AREA COUNCIL OFFICE SABIN AKROFUOM (A)
Ashanti,Atwima Kwanwoma,AMPABAME NO. 1,R/C PRIM AMPABAME NO. 1
Ashanti,Atwima Kwanwoma,KWANWOMA,COCOA SHED KWANWOMA (A)
Ashanti,Atwima Kwanwoma,MPATASIE,R/C PRIM MPATASIE
Ashanti,Atwima Kwanwoma,EJ UAMPONG,METH PRIMARY EJUAMPONG
Ashanti,Atwima Kwanwoma,ABOTIASO/KONKORI,D/A JHS ABOTIASO
Ashanti,Atwima Kwanwoma,AFRANCHO,R/C PRIM AFRANCHO
Ashanti,Atwima Kwanwoma,BEKWAIMIN,D/A PRIM BEKWAIMIN
Ashanti,Atwima Kwanwoma,AHENEMA KOKOBEN,SDA CH. A KOKOBEN (A)
Ashanti,Atwima Kwanwoma,KROFOFROM,D/A PRIM KROFOFROM
Ashanti,Atwima Kwanwoma,AMPEYOO/ASAAGO,METH CHURCH AMPEYOO (A)
Ashanti,Ejura Sekyedumase,Dromankuma,L/A Prim. Sch. Dromankuma A.
Ashanti,Ejura Sekyedumase,Bonyon,L/A JHS Bonyon
Ashanti,Ejura Sekyedumase,Hiawoanwu,L/A Prim. Sch. Hiawoanwu
Ashanti,Ejura Sekyedumase,Nkwanta,L/A Prim. Sch. Nkwanta
Ashanti,Ejura Sekyedumase,Babaso,L/A Prim. Sch. Babaso
Ashanti,Ejura Sekyedumase,Atta-Akuraa,Temp Booth Sarikyi Akuraa
Ashanti,Ejura Sekyedumase,Nokwareasa,L/A Prim. Sch. Nokwareasa
Ashanti,Ejura Sekyedumase,Kasim,Temp Booth Kasim
Ashanti,Ejura Sekyedumase,Ebuom,D/A Prim. Sch. Ebuom
Ashanti,Ejura Sekyedumase,Adiembra,Temp Booth Adiemira
Ashanti,Ejura Sekyedumase,Amenamu,Temp Booth Amenamu
Ashanti,Ejura Sekyedumase,Miminaso No. 1,D/A Prim. Sch. Miminaso No. 1
Ashanti,Ejura Sekyedumase,Nyamebekyere,Temp Booth Nyamebekyere
Ashanti,Ejura Sekyedumase,Kasei,D/A Prim. Sch. Kasei
Ashanti,Ejura Sekyedumase,Masuo,D/A Prim. Sch. Masuo
Ashanti,Ejura Sekyedumase,Sunkwaye,D/A Prim. Sch. Sunkwaye
Ashanti,Ejura Sekyedumase,Asuogya,Temp Booth Asuogya
Ashanti,Ejura Sekyedumase,Asumen,Kantankani T.I. Ahmadiya
Ashanti,Ejura Sekyedumase,Kantakani,Temp Booth Dwenewoho
Ashanti,Ejura Sekyedumase,Kyenkyenkura,Temp Booth Dijawu
Ashanti,Ejura Sekyedumase,Dapaafo,"Nimo’s Clinic, Sekyedumase"
Ashanti,Ejura Sekyedumase,Juaho,L/A Prim. Sch. Juaho
Ashanti,Ejura Sekyedumase,Appiaso,"Old Catholic Church, Behind Asubonteng’s Store, Sekyedumase"
Ashanti,Ejura Sekyedumase,Asensemu,"Adjacent Police Station, Sekyedumase"
Ashanti,Ejura Sekyedumase,Seko Zongo,"Frontage of Old Moslem Mosque, Zongo"
Ashanti,Ejura Sekyedumase,Frante,"R/C Prim. School & D/A JHS, Frante"
Ashanti,Ejura Sekyedumase,Frante Zongo,Frante Zongo R/C Prim. Sch.
Ashanti,Ejura Sekyedumase,Kobiriti,"Islamic Prim. Sch., Temp Booth, Kobiriti"
Ashanti,Ejura Sekyedumase,Drobon,Drobong Presby Prim. School No. 1
Ashanti,Ejura Sekyedumase,Anyinasu West,"Co-operative House, Anyinasu, Old Cocoa Shed"
Ashanti,Ejura Sekyedumase,Anyinasu East,"L/A Prim. School, Awabire Village"
Ashanti,Ejura Sekyedumase,Bemi,"L/A Prim. School, Bemi"
Ashanti,Ejura Sekyedumase,Ahenboboano,Ejura Council Hall
Ashanti,Ejura Sekyedumase,Community Centre,Ejura Community Centre (A)
Ashanti,Ejura Sekyedumase,Abota,"Zongo Chief’s Palace ‘A’, Amantin/Kasei Comm. Bank"
Ashanti,Ejura Sekyedumase,Low Cost,"Asaacoco L/A Prim. School, Ejura"
Ashanti,Ejura Sekyedumase,Sabonline,Haramia Arabic School
Ashanti,Ejura Sekyedumase,Mempeasem,"Central Mosque A, Barhamiya, Ejura"
Ashanti,Ejura Sekyedumase,Dagomba-Line,"Ihayawudeen Islamic School (Adjacent ADB, Ejura)"
Ashanti,Ejura Sekyedumase,Market Centre,GPRTU Ejura
Ashanti,Ejura Sekyedumase,Aframso,L/A Prim. Sch. Aframso
Ashanti,Ejura Sekyedumase,42. Teacherkrom,Temp Booth Teacherkrom
Ashanti,Ejura Sekyedumase,Nkyensie,Temp Booth Nkyensie
Ashanti,Sekyere Central,BONKRONG,"D/A PRI SCH, BONKRONG"
Ashanti,Sekyere Central,ABONKOSU,"D/A PRI SCH, ABONKROSU"
Ashanti,Sekyere Central,HEMANG,"R/C PRI SCH, NSUTA"
Ashanti,Sekyere Central,ASOKWA,D/A 1 JHS. NSUTA
Ashanti,Sekyere Central,PALACE,"PRESBY PRI SCH, NSUTA"
Ashanti,Sekyere Central,ASUAFU,"SAL ARMY PRI SCH, ASUAFU"
Ashanti,Sekyere Central,ATWEA-ABAASUA,"D/A JHS, ATWEA"
Ashanti,Sekyere Central,ANWANYA/ADUTWAM,"D/A PRI SCH, ANWANYA"
Ashanti,Sekyere Central,BEPOSO WEST,"PRESBY PRI, BEPOSO"
Ashanti,Sekyere Central,BEPOSO EAST,"METH. CHURCH, BEPOSO"
Ashanti,Sekyere Central,KYEBI,"METH. PRI SCH, KYEBI"
Ashanti,Sekyere Central,NKWABIRIM,"D/A 2 PRI SCH, BIMMA"
Ashanti,Sekyere Central,MPANTUNASE,"PENTECOST PRAYER CENTRE, MPANTUASE"
Ashanti,Sekyere Central,ATONSU,"METH.PRI SCH, ATONSU"
Ashanti,Sekyere Central,ABORDEASE,"D/A 1 PRI SCH, ATONSU"
Ashanti,Sekyere Central,KWAMANG EAST,PRESBY SHS
Ashanti,Sekyere Central,KWAMANG NORTH,"ANG.PRI SCH, KWAMANG NO 1"
Ashanti,Sekyere Central,AMOAMANG,"METH. PRI SCH, AMOAMANG NO1"
Ashanti,Sekyere Central,ANKAMADUA,"D/A JHS, ANKAMADOA"
Ashanti,Sekyere Central,NKUJUA,"D/A PRI SCH, NKUJUA"
Ashanti,Sekyere Central,JEDIAKO,"D/A PRI SCH, JEDIAKO NO 1"
Ashanti,Sekyere Central,KYEKYEBON-AFRAMSO,"D/A PRI SCH, AFRAMSO"
Ashanti,Sekyere Central,KYEYIASE,D/A PRI SCH KYEYIASE
Ashanti,Sekyere Central,BIRIM,"D/A PRI SCH, BIRIM"
Ashanti,Sekyere Central,OKU,D/A PRI SCH. ANKAMABUOSO
Ashanti,Sekyere Central,DOMI NO. 1,"D/A PRI SCH, DOMI NO1"
Ashanti,Sekyere Central,ASUBUASU,"D/A PRI SCH, ASUBUASU"
Ashanti,Offinso Municipal,SAMPROSO,SAMPROSO CMB SHED
Ashanti,Offinso Municipal,KOFORIDUA,KOFORIDUA CMB SHED
Ashanti,Offinso Municipal,KAYERA,KAYERA M/A JHS
Ashanti,Offinso Municipal,ANYINASUSO,ANYINASUSO CMB SHED
Ashanti,Offinso Municipal,NAAMA,NAAMA CMB SHED
Ashanti,Offinso Municipal,ODESO,ODESO CMB SHED
Ashanti,Offinso Municipal,WAWASE,ABOFOUR CMB SHED
Ashanti,Offinso Municipal,ASUBOI,ABOFOUR R/C PRI SCH A
Ashanti,Offinso Municipal,ABOFOUR JUNCTION,ABOFOUR R/C PRI SCH A
Ashanti,Offinso Municipal,DUMASUA N/TOWN,DUMASUA N/T CMB SHED
Ashanti,Offinso Municipal,KYEBI,KYEBI M/A PRI. SCH
Ashanti,Offinso Municipal,BEREKUM,BEREKUM M/A PRI. SCH
Ashanti,Offinso Municipal,KWAPANIN,KWAPANIN R/C PRI. SCH.
Ashanti,Offinso Municipal,BONSUA KORKOR,BONSUA M/A PRI. SCH.
Ashanti,Offinso Municipal,AMANKWATIAKROM,AMANKWATIAKROM M/A PRI.
Ashanti,Offinso Municipal,AMANING,AMANING M/A PRI. SCH
Ashanti,Offinso Municipal,BARNIEKROM,BARNIEKROM M/A PRI. SCH.
Ashanti,Offinso Municipal,AMOAWI,AMOAWI M/A JHS
Ashanti,Offinso Municipal,NAMONG WEST,NAMONG METH PRI. SCH.
Ashanti,Offinso Municipal,NAMONG EAST,NAMONG SHS A
Ashanti,Offinso Municipal,ASAMANKAMA CENTRAL,STATE B’ JHS ASAMANKAMA A
Ashanti,Offinso Municipal,ADUKRO/ SABOA,STATE A’ JHS OFFINSO A
Ashanti,Offinso Municipal,ASAMANKAMA /AGYEIMPRA,STATE C’ JHS AGYEMPRA
Ashanti,Offinso Municipal,NEW TOWN,STATE A’ JHS OFFINSO NO. 1
Ashanti,Offinso Municipal,DENTIN /ANTOA,OLD DWAMENA AKENTEN SNR HIGH A
Ashanti,Offinso Municipal,OFFINSO OLD TOWN,OFFINSO OLD TOWN M/A JHS
Ashanti,Offinso Municipal,MAASE,MAASE R/C PRI SCH A
Ashanti,Offinso Municipal,OBUASI,OBUASI M/A PRI. SCH A.
Ashanti,Offinso Municipal,KOKOTE,KOKOTE METH PRI. SCH A NO.1
Ashanti,Offinso Municipal,ABOASU /DOME,ABOASU M/A JHS A (A)
Ashanti,Subin Sub Metro,BAAMU DOMINASE,CENTRAL POLICE STATION A
Ashanti,Subin Sub Metro,NSUOASE,RAILWAY POLICE STATION A
Ashanti,Subin Sub Metro,FANTE NEW TOWN,YAA ACHIAA JHS 1 BOMPATA A
Ashanti,Subin Sub Metro,ASEM,ASEM BOYS J.H.S.
Ashanti,Subin Sub Metro,ASAFO,A.M.E. ZION J.H.S. LOWER A
Ashanti,Subin Sub Metro,DADIESOABA,ABROTIA J.H.S. 1 A
Ashanti,Subin Sub Metro,AMAKOM,AMAKOM DIVISION SCH. UPPER
Ashanti,Subin Sub Metro,AFFUL NKWANTA,K.M.A STORES
Ashanti,Subin Sub Metro,ANLO FANTE NEW TOWN,AMANKWATIA J.H.S 3 A
Ashanti,Afigya Kwabre,APAGYA,D/A PRIM SCH APAGYA
Ashanti,Afigya Kwabre,MOWIRE/AKROWA,METHODIST CHURCH ADROWA
Ashanti,Afigya Kwabre,KODIE,D/A JHS KODIE
Ashanti,Afigya Kwabre,ADUMAN,ADUMAN SHS ADUMAN (A)
Ashanti,Afigya Kwabre,NKUKUA BUOHO,R/C PRIM SCH 2 NKUKUA BUOHO (A)
Ashanti,Afigya Kwabre,BUOHO-WIOSO,D/A JHS 1 BUOHO (A)
Ashanti,Afigya Kwabre,SASSA/BOMSO,D/A PRIM SCH BOMSO
Ashanti,Afigya Kwabre,AFRANCHO,D/A PRIM SCH 1 AFRANCHO (A)
Ashanti,Afigya Kwabre,BRONKONG,R/C CHURCH BRONKONG (A)
Ashanti,Afigya Kwabre,KYEKYERE/KYERASE,ISLAND OF PATMOS SCH KYERASE
Ashanti,Afigya Kwabre,KROBO,KROBO COMMUNITY PARK (A)
Ashanti,Afigya Kwabre,NTIRI BUOHO,VOCATIONAL TRG INST HEMANG BUOHO (A)
Ashanti,Afigya Kwabre,BROFOYEDRU,ST JOSEPH R/C CHU. BROFOYEDRU
Ashanti,Afigya Kwabre,MAASE,D/A JHS MAASE (A)
Ashanti,Afigya Kwabre,ATIMATIM EAST,LIGHT HOUSE A/G CHURCH ATIMATIM
Ashanti,Afigya Kwabre,ATIMATIM WEST,LIVING RELELATION TEMPLE CHAIRMAN
Ashanti,Afigya Kwabre,OLD ATIMATIM,D/A PRIM SCH OLD ATIMATIM
Ashanti,Afigya Kwabre,ADUBINSU-EDWENASE,D/A PRIM SCH ADUBINSU-BESEASE
Ashanti,Afigya Kwabre,ABOABOGYA,METHODIST PRIM SCH 1 ABOABOGYA
Ashanti,Afigya Kwabre,WAWASE,R/C PRIM SCH WAWASE
Ashanti,Afigya Kwabre,ADWUMAKASEKESE,METHODIST JHS ADWUMAKASEKESE
Ashanti,Afigya Kwabre,EBOM-BOMFA,D/A PRIM SCH EBOM
Ashanti,Afigya Kwabre,ANKAASE EAST,SDA PRIM 1 ANKAASE
Ashanti,Afigya Kwabre,ANKAASE WEST,METHODIST JHS ANKAASE
Ashanti,Afigya Kwabre,MPOBI,R/C PRIM SCH 1 MPOBI
Ashanti,Afigya Kwabre,EJURATIA,METHODIST PRIM SCH EJURATIA
Ashanti,Afigya Kwabre,HEMANG,R/C PRIM SCH HEMANG
Ashanti,Afigya Kwabre,DENASE,D/A PRIM SCH DENASE (A)
Ashanti,Afigya Kwabre,NKWANTAKESE,METHODIST PRIM SCH NKWANTA
Ashanti,Afigya Kwabre,PENTENG,PENTENG D/A PRIM SCH
Ashanti,Afigya Kwabre,AHENKRO,METHODIST PRIM SCH AHENKRO
Ashanti,Afigya Kwabre,KWAMANG,D/A JHS 1 KWAMANG
Ashanti,Afigya Kwabre,DUAPONKO,D/A PRIM SCH DUAPONKO
Ashanti,Afigya Kwabre,AMOAKO NORTH,AMOAKO METHODIST PRIM 1 SCH
Ashanti,Afigya Kwabre,AFIGYAASE,D/A PRIM SCH 1 BOAMANG
Ashanti,Afigya Kwabre,BOAMANG NORTH,AREA COUNCIL BOAMANG
Ashanti,Afigya Kwabre,ADUKRO,D/A PRIM SCH ADUKRO
Ashanti,Afigya Kwabre,ABROMA,R/C PRIM SCH 1 ABROMA
Ashanti,Afigya Kwabre,TETREM PETENYINASE,D/A PRIM SCH TETREM
Ashanti,Afigya Kwabre,TETREM BESEASE,METHODIST PRIM SCH TETREM
Ashanti,Afigya Kwabre,KYEKYEWERE ABOFREM,R/C PRIM B SCH KYEKYEWERE
Ashanti,Afigya Kwabre,KYEKYEWERE ABEDEASE,D/A PRIM 1 KYEKYEWERE
Ashanti,Asante Akim North,JUANSA SOUTH,PRESBY PRIM SCH. JUANSA
Ashanti,Asante Akim North,JUANSA NORTH,COURT HOUSE JUANSA
Ashanti,Asante Akim North,DOMEABRA NEW TOWN,ROMAN CATH. CHURCH.DOMEABRA
Ashanti,Asante Akim North,TWENEBOASE,DOMEABRA ROUNDABOUT
Ashanti,Asante Akim North,PEKYEREKYE,PRESBY PRIM. SCH. PEKYEREKYE
Ashanti,Asante Akim North,AGOGO AHENBRONUM,GCMB NEAR POST OFFICE AGOGO
Ashanti,Asante Akim North,BONTODIASE,MDC CHURCH AGOGO “A”
Ashanti,Asante Akim North,APENTENYINASE,APOSTOLIC CHURCH AGOGO
Ashanti,Asante Akim North,OBUASI,NEW METH. CHURCH AGOGO
Ashanti,Asante Akim North,SUKUUMU,PRESBY KG AGOGO
Ashanti,Asante Akim North,NEW TOWN AGOGO,COURT HOUSE AGOGO
Ashanti,Asante Akim North,MAGYEDA,D\A PRIM MAGYEDA
Ashanti,Asante Akim North,ONYIMSO,D\A PRIM ONYIMSO
Ashanti,Asante Akim North,HWIDIEM,D\A JHS. SCH. HWIDIEM
Ashanti,Asante Akim North,BEBOME,D\A PRIM. SCH. BEDOME
Ashanti,Asante Akim North,ANANEKROM,D\A PRIM SCH. ANANEKROM
Ashanti,Asante Akim North,DUKUSEN,D\A PRIM. SCH. DUKUSEN
Ashanti,Asante Akim North,ABREWAPONG,D\A PRIM SCH. ABREWAPONG
Ashanti,Asante Akim North,NYINMPONASE,NYINAMPONASE PRESBY PRIM.
Ashanti,Asante Akim North,AKUTUASE,AKUSTUASE PRESBY PRIM. SCH.
Ashanti,Asante Akim North,WIOSO,PRESBY PRIM SCH. WIOSO
Ashanti,Asante Akim North,WURAPONSO/MEENAM,D/A PRIM WURAPONSO
Ashanti,Bosomtwe,Kuntanase,Kuntanase D/A JSS1
Ashanti,Bosomtwe,Kokodei/Swedro /Abrankese,Abrankese D/A JSS
Ashanti,Bosomtwe,Piase,Piase D/A Prim Sch 1
Ashanti,Bosomtwe,Yaase,Old Yaase D/A JSS
Ashanti,Bosomtwe,Adwafo,Adwafo Community Centre
Ashanti,Bosomtwe,Akokofe,Akokofe R/C Prim Sch.
Ashanti,Bosomtwe,Woarakose,Woarakose D/A Prim Sch
Ashanti,Bosomtwe,Abonu,Abonu D/A JSS
Ashanti,Bosomtwe,Abaase,Abaase D/A Prim Sch
Ashanti,Bosomtwe,Nkowi,Nkowi R/C Prim Sch
Ashanti,Bosomtwe,Nyameani,Nyameani Meth Prim Sch
Ashanti,Bosomtwe,Asisiriwa,Asisiriwa Meth Prim Sch
Ashanti,Bosomtwe,Brodekwano,Brodekwano Meth Prim Sch
Ashanti,Bosomtwe,Konkoma,The Market Centre Konkoma
Ashanti,Bosomtwe,Beposo,Beposo New Town R/C
Ashanti,Bosomtwe,Amakom,Amakom Meth. Prim Sch
Ashanti,Bosomtwe,Esreso West,"Chief’s palace, Esreso West"
Ashanti,Bosomtwe,Esreso East,Esreso D/A Prim Sch
Ashanti,Bosomtwe,Adagya,Adagya D/A Prim Sch
Ashanti,Bosomtwe,Feyiase,Feyiase R/C Prim Sch
Ashanti,Bosomtwe,Aputuogya,Aputuogya Education Office
Ashanti,Bosomtwe,Abuontem,God’s Grace Int Sch
Ashanti,Bosomtwe,Jachie East,Jachie D/A JSS 1
Ashanti,Bosomtwe,Jachie West,Jachie Anglican Prim Sch
Ashanti,Bosomtwe,Pramso,Pramso R/C Prim Sch
Ashanti,Bosomtwe,Atobiase,Atobiase Anglican Prim Sch
Ashanti,Bosomtwe,Sewua,Sewua D/A Prim Sch
Ashanti,Bosomtwe,Tetrefu,Homabenase R/C Prim Sch
Ashanti,Bosomtwe,New Behenase,New Kokobriko D/A Prim Sch
Ashanti,Bosomtwe,Nuaso,Nuaso Anglican Prim Sch
Ashanti,Bosomtwe,Nkwanta/Dedesua,Nkwanta D/A Prim Sch
Ashanti,Bosomtwe,Apenkra,Apenkra Anglican Prim Sch
Ashanti,Bosomtwe,Aduaben,Aduaben Meth Prim Sch
Ashanti,Bosomtwe,Oyoko,Oyoko R/C Prim Sch
Ashanti,Bosomtwe,Adunku,Adwampong D/A KG
Ashanti,AHAFA ANO SOUTH,ASUOKOR NO.2,D/A PRIM SCH ASUOKOR
Ashanti,AHAFA ANO SOUTH,MANHYIA,CMB SHED MANHYIA
Ashanti,AHAFA ANO SOUTH,NYAMEBEKYERE,D/A PRIM SCH NYAMEBEKYERE
Ashanti,AHAFA ANO SOUTH,MPASASO NO.1,D/A PRIM SCH MPASASO NO.1
Ashanti,AHAFA ANO SOUTH,MPASASO NO.2,D/A JSS MPASASO
Ashanti,AHAFA ANO SOUTH,OSURASE,D/A PRIM SCH MPASASO
Ashanti,AHAFA ANO SOUTH,ADADEKROM,D/A PRIM SCH ADADEKROM
Ashanti,AHAFA ANO SOUTH,DOMEABRA,R/C PRIM A SCH DOMEABRA
Ashanti,AHAFA ANO SOUTH,NWAMASE,R/C PRIM B SCH DOMEABRA
Ashanti,AHAFA ANO SOUTH,KROFOFROM,D/A PRIM SCH WIOSO
Ashanti,AHAFA ANO SOUTH,MANKANIASE,D/A JHS WIOSO
Ashanti,AHAFA ANO SOUTH,HWIBAA,D/A PRIM SCH HWIABAA
Ashanti,AHAFA ANO SOUTH,ABOBIASE-KWASIWORO,D/A PRIM SCH ABOADIESE
Ashanti,AHAFA ANO SOUTH,ANITEMFE,D/A PRIM SCH ANITEMFE
Ashanti,AHAFA ANO SOUTH,ONYINANUFU,D/A PRIM SCH ONYINANUFU
Ashanti,AHAFA ANO SOUTH,BARNIEKROM,D/A PRIM SCH BARNIEKROM
Ashanti,AHAFA ANO SOUTH,DUNYANKWANTA,D/A PRIM SCH DUNYANKWANTA
Ashanti,AHAFA ANO SOUTH,ANYINASE,D/A PRIM SCH KUNSU
Ashanti,AHAFA ANO SOUTH,KUNSU NO. 1,D/A JHS KUNSU
Ashanti,AHAFA ANO SOUTH,BOATENGKROM,D/A PRIM SCH BOATENGKROM
Ashanti,AHAFA ANO SOUTH,DATIEM NEWTOWN,D/A PRIM SCH DATIEM
Ashanti,AHAFA ANO SOUTH,BONKRON,D/A PRIM SCH BONKRON
Ashanti,AHAFA ANO SOUTH,KUNSU CAMP,D/A PRIM SCH KUNSU CAMP
Ashanti,AHAFA ANO SOUTH,BONKWASO,D/A PRIM SCH BONKWASO
Ashanti,AHAFA ANO SOUTH,ABAASUA,D/A PRIM SCH ABAASUA
Ashanti,AHAFA ANO SOUTH,SIKAFREBOGYA,CMB SHED SIKAFREBOGYA
Ashanti,AHAFA ANO SOUTH,BEPOSO,CMB SHED BEPOSO
Ashanti,AHAFA ANO SOUTH,BETOOM,D/A PRIM SCH MANKRANSO (A)
Ashanti,AHAFA ANO SOUTH,MANKRASO,L/A JHS MANKRANSO
Ashanti,AHAFA ANO SOUTH,ASEMPANAYE,D/A PRIM SCH ASEMPANAYE
Ashanti,AHAFA ANO SOUTH,BIEMSO NO. 1,R/C PRIM A BIEMSO
Ashanti,AHAFA ANO SOUTH,YAWBOADIKROM,CMB SHED YAWBOADIKROM
Ashanti,AHAFA ANO SOUTH,DWINYAMA NORTH,CMB SHED DWINYAMA
Ashanti,AHAFA ANO SOUTH,DWINYAMA SOUTHWEST,R/C PRIM SCH DWINYAMA
Ashanti,AHAFA ANO SOUTH,BIEMSO NO. 2,D/A PRIM SCH BIEMSO NO. 2
Ashanti,AHAFA ANO SOUTH,POTRIKROM,D/A PRIM SCH POTRIKROM
Ashanti,AHAFA ANO SOUTH,ASUADEI,D/A PRIM SCH ASUADEI
Ashanti,AHAFA ANO SOUTH,POKUASE,D/A PRIM SCH POKUASE
Ashanti,AHAFA ANO SOUTH,ESSIENKROM,D/A PRIM SCH ESSIENKROM
Ashanti,AHAFA ANO SOUTH,ABURASO,R/C PRIM SCH ABURASO
Ashanti,AHAFA ANO SOUTH,FAWOMANG,D/A PRIM SCH FAWOMANG
Ashanti,AHAFA ANO SOUTH,APONAPONSO,D/A PRIM SCH APONAPONSO
Ashanti,AHAFA ANO SOUTH,ADUKROM,D/A PRIM SCH ADUKROM
Ashanti,AHAFA ANO SOUTH,SABRONUM,D/A PRIM SCH SABRONUM
Ashanti,AHAFA ANO SOUTH,ABOFUMKWANSO,D/A JHS SABRONUM
Ashanti,AHAFA ANO SOUTH,AHWEIREWAH,D/A PRIM SCH AHWEIREWAH
Ashanti,AHAFA ANO SOUTH,MMOFRAMFADWEN,D/A PRIM MMOFRAMFA-DWEN
Ashanti,AHAFA ANO SOUTH,POKUKROM,METHODIST PRIM POKUKROM
Ashanti,AHAFA ANO SOUTH,NSUTA,R/C PRIM NSUTA
Ashanti,AHAFA ANO SOUTH,ABESEWA,R/C JHS ABESEWA
Ashanti,Mampong,ABRUKUTUASO,IJ INFANT JNR PRIM ST MONICA’S MAMPONG (A)
Ashanti,Mampong,WAREKESE,ST PAUL’S M/A CATH JHS 1&2 MAMPONG (A)
Ashanti,Mampong,DAMANG,M/A PRIM SCH DAMANG (A)
Ashanti,Mampong,TUNSUOM,SDA JHS MAMPONG
Ashanti,Mampong,ZONGO EAST,GWS CORP MAMPONG NO. 1 (A)
Ashanti,Mampong,ZONGO WEST,APOSTOLIC PRIM SCH MAMPONG
Ashanti,Mampong,AKYEREMADE,ANGLICAN PRIM SCH MAMPONG
Ashanti,Mampong,METHODIST,METH UPPER PRIM SCH MAMPONG
Ashanti,Mampong,NEW TOWN,AHMADIYA PRIM SCH MAMPONG
Ashanti,Mampong,DAAHO,R/C PRIM 1 & 2 BOSOFOUR
Ashanti,Mampong,BOSOFOUR,R/C JHS BOSOFOUR NO. 1
Ashanti,Mampong,MPRIM,PRESBY PRIM SCH MPRIM
Ashanti,Mampong,NINTIN,R/C PRIM SCH NINTIN
Ashanti,Mampong,PENTEN,M/A JHS NWOASE
Ashanti,Mampong,PAMPASO,UNITED JHS BENIM
Ashanti,Mampong,EBUOM,UNITED PRI ‘B’ BENIM NO. 1
Ashanti,Mampong,NYINAMPONG,METH PRIM SCH NYINAMPONG
Ashanti,Mampong,KROBO,COMMUNITY CENTRE KROBO
Ashanti,Mampong,YONSO,M/A PRIM LOWER SCH YONSO
Ashanti,Mampong,APAA,COMMUNITY CENTRE APAA
Ashanti,Mampong,KYEKYEWERE,M/A JHS KYEKYEWERE
Ashanti,Mampong,ASAAM,M/A PRIM SCH ASAAM
Ashanti,Mampong,ATANOSO,M/A 2 JHS F 3 & 4 KOFIASE
Ashanti,Mampong,AHENBRONUM,METH CHURCH KOFIASE
Ashanti,Mampong,ANYANKAMAMU,M/A PRIM SCH AFRAMANO
Ashanti,Mampong,NKWANTA,R/C JHS NKWANTA
Ashanti,Mampong,ABUONTEM,M/A JHS ABUONTEM
Ashanti,Mampong,BOSOMKYEKYE,M/A JHS BOSOMKYEKYE
Ashanti,Mampong,KYIREMFASO,M/A JHS KYIREMFASO
Ashanti,Mampong,ADIDWAN,M/A JHS ADIDWAN
Ashanti,Mampong,ATONSUAGYA,M/A PRIM SCH ATONSUAGYA
Ashanti,Mampong,DOME,L/A PRIM SCH DOME
Ashanti,Mampong,WORASO,M/A PRIM UPPER WORASO
Ashanti,OBUASI,ELECTORAL AREA,DESGINATED REGISTRATON CENTER
Ashanti,OBUASI,SANSO,METH PRIM SCH SANSO
Ashanti,OBUASI,ANYINAM,ANYINAM ROUNDABOUT (BUS STOP – CENTRAL LOCATION)
Ashanti,OBUASI,KUNKA,MARKET SQUARE KUNKA
Ashanti,OBUASI,NYAMESO - BEDIEM,COKE DEPOT NYAMESO (A)
Ashanti,OBUASI,BINSERE,M/A PRIM SCH DOKYIWA
Ashanti,OBUASI,BOGOBIRI,DAY CARE CENTRE BOGOBIRI (A)
Ashanti,OBUASI,NKANPROM,CHRIST REVIVAL CHUECH (A)
Ashanti,OBUASI,GAUSO EAST,MARKET SQUARE GAUSO
Ashanti,OBUASI,MENSAKROM GAUSO EXTENSION,HOUSE OF POWER CHURCH MENSAKROM (A)
Ashanti,OBUASI,GAUSO NORTH,ADMIN BLK O SEC TECH (A)
Ashanti,OBUASI,CMB SHED MANGOASE,ST. JUDE HOSPITAL BEDIESO M/A PRIM SCH BEDIESO M/A JHS BEDIESO SAM BUACHIE MEM SCH KULAM
Ashanti,OBUASI,NEW NSUTA ESTATES,HOUSING CORP CLINIC
Ashanti,OBUASI,ABOMPEKROM,CHIEF PALCE ABOMPEKROM
Ashanti,OBUASI,KOKOTEASUA,PENTECOST CHURCH KOKTEASUA (A)
Ashanti,OBUASI,NEW NSUTA,ANGLICAN PRIM SCH NEW NSUTA
Ashanti,OBUASI,NEW NSUTA AUNTIE BEA,QUEEN EGYIMAH INT SCH AUNTIE BEA
Ashanti,OBUASI,NEW NSUTA ZONGO,ST. THOMAS CATH PRIM SCH ZONGO
Ashanti,OBUASI,MARKET SQUARE,CIRCUIT COURT OBUASI
Ashanti,OBUASI,MARKET SQUARE,CIRCUIT COURT OBUASI
Ashanti,OBUASI,ANTOBOASE CENTRAL,OLD COUNCIL HALL ANTOBOASE
Ashanti,OBUASI,CREEK,MAGISTRATE COURT GD II WAWASI
Ashanti,OBUASI,WJS CENTRAL,CENTRAL MOSQUE WAWASI
Ashanti,OBUASI,PTP,SNR. STAFF QUARTERS
Ashanti,OBUASI,ANYIMADUKROM,PADMORE JHS KWABRAFOSO
Ashanti,OBUASI,KWABRAFOSO EAST,ADANSI HIGH INT SCH KWABRAFOSO
Ashanti,OBUASI,KWABRAFOSO WEST,L/A PRIM SCH(P2) KWABRAFOSO (A)
Ashanti,OBUASI,TUTUKA NORTH,ST. PHILIP INT SCH SAMPSONKROM
Ashanti,OBUASI,TUTUKA CENTRAL,METH UPPER NKWADUM (A)
Ashanti,OBUASI,SIKAFOAMANTEM,APATASI SIKAFOAMANTEM(A)
Ashanti,OBUASI,ODUMASI,M/A JHS ODUMASI
Ashanti,OBUASI,HANSONYEWODEA,M/A JHS HASONYEWODEA (A)
Ashanti,OBUASI,TIATIASO,KOO-KWANKYE HOUSE TIATIASO
Ashanti,OBUASI,BOETE,GENERAL SPEARS UPPER PRIM
Ashanti,OBUASI,BRAHABEBOME,INDEPENDENT PRIM SCH BRAHABEBOME (A)
Ashanti,OBUASI,BOSSMAN – LOW COST,BOSSMAN (NEW AKAPORISO EXT (A)
Ashanti,OBUASI,AKAPORISO,R/C CHURCH AKAPORISO (A)
Ashanti,OBUASI,POMPOSO – ASONKORE,DAY CARE CENTRE POMPOSO (A)
Ashanti,OBUASI,KWABENAKWAKROM,CHIEF PALACE KWABENAKWA (A)
Ashanti,OBUASI,DOMIABRA – MAMPAMHWE,COCOA SHED DOMIABRA
Ashanti,Asante Akim Central,AHENBRONUM KONONGO,METH. PRIM SCH KONONGO
Ashanti,Asante Akim Central,AMERFA/KYEKYEWERE,METH. JHS KONONGO ‘A’
Ashanti,Asante Akim Central,NEW TOWN KONONGO,CMB SHED AKWEI ALLAH
Ashanti,Asante Akim Central,MARKET CIRCLE,R/C PRIM. SCH. KONONGO
Ashanti,Asante Akim Central,FREE TOWN,RAILWAYS STATION A KONONGO
Ashanti,Asante Akim Central,ABOSOMTWEAGYA,TEMP BOOTH DSP FREETWON
Ashanti,Asante Akim Central,EFAM,KONONGO CENTRAL ZONGO MOSQUE
Ashanti,Asante Akim Central,ESORO,"URBAN COUNCIL PRIM, ZONGO"
Ashanti,Asante Akim Central,APEBOURSO,ODUMASI CHIEF PALACE A
Ashanti,Asante Akim Central,SANTENESO,UNITED PRIM. SCH. ODUMASI
Ashanti,Asante Akim Central,ODUMASI NEW TOWN,ANGLICAN PRIM. SCH. ODUYMASI
Ashanti,Asante Akim Central,AHYIAEM,COUNCIL HALL ODUMASI
Ashanti,Asante Akim Central,ODUMASI ZONGO,ZONGO MOSQUE ODUMASI
Ashanti,Asante Akim Central,KYEKYEBIASE,METH.PRIM SCH. NO.1 KYEKYEBIASI
Ashanti,Asante Akim Central,OBENIMASE,METH. PRIM SCH. OBENIMASE
Ashanti,Asante Akim Central,AHENBRONUM PATRIENSA,POST OFFICE PATRIENSA
Ashanti,Asante Akim Central,PATRIENSA EAST,SDA CHURCH PATRIENSA
Ashanti,Asante Akim Central,PATRIENSA WEST,M/A PRIM. SCH. PATRIENSA
Ashanti,Asante Akim Central,NYABOE,METH. JHS. SCH. NYABOE
Ashanti,Asante Akim Central,DWEASE AHENBRONUM,M/A PRIM SCH. DWEASE
Ashanti,Asante Akim Central,DWEASE NEW TOWN,M/A JHS DWEASE
Ashanti,Asante Akim Central,NSIAKROM,M/A PRIM SCH. NSIAKROM
Ashanti,Asante Akim Central,ADUKROM,M/A PRIM SCH. ADUMKROM
Ashanti,Asante Akim Central,PRAASO WEST,METH. PRIM SH. PRAASO
Ashanti,Asante Akim Central,PRAASO EAST,M/A PRIM SCH WAWASE PRAASO
Ashanti,Amansie West,EA NAME,DESIGNATED REGISTRATION CENTRES
Ashanti,Amansie West,PAKYI N0. 2,PRESBY B. PRIM SCH. PAKYI N0.2 (A)
Ashanti,Amansie West,PAKYI N0. 1,D/A PRI SCH PAKYI NO 1 (A)
Ashanti,Amansie West,OMANADWAREYE,D/A PRIM SCH OMANADWAREYE
Ashanti,Amansie West,ANTOAKROM,ANTOAKROM S D A PRI SCH
Ashanti,Amansie West,ABODOM,R/C PRIM SCH ABODOM
Ashanti,Amansie West,AKROPONG,D/A PRIM SCH AKROPONG
Ashanti,Amansie West,NSIANA,METH PRIM SCH NSIANA
Ashanti,Amansie West,ASAREKROM,METH PRI SCH ASAREKROM
Ashanti,Amansie West,ATOBIASE,C M B SHED AKROKROSO
Ashanti,Amansie West,MOSEASO,R/C PRIM SCH MOSEASO
Ashanti,Amansie West,HIAKOSE,R/C PRI SCH HIAKOSE
Ashanti,Amansie West,ESSUOWIN,METH JHS ESSOUWIN
Ashanti,Amansie West,AHWEREWA,R/C PRIM SCH AWHEREWA
Ashanti,Amansie West,ESAASE SOUTH,METH PRIM SCH ESAASE
Ashanti,Amansie West,DOMINASE – ESAASE,D/A PRIM SCH ABOABO TETEKASO
Ashanti,Amansie West,MPATOAM WEST,D/A PRIM SCH MPATOAM
Ashanti,Amansie West,MPATOAM EAST,D/A JSS MPATOAM
Ashanti,Amansie West,GYININSO,R/C PRIM SCH GYENINSO-AKTANIANSE
Ashanti,Amansie West,ATWERE,METH PRIM SCH MANSO-ATWERE
Ashanti,Amansie West,ASAMAN,R/C PRIM SCH ASAMAN
Ashanti,Amansie West,YAWKROM,R/C PRIM SCH YAKROM
Ashanti,Amansie West,EKOSO,METH JSS MANSO-NKWANTA
Ashanti,Amansie West,ABRONKASE,L/A JSS MANSO-NKWANTA
Ashanti,Amansie West,DOMINASE,L/A PRIM SCH DOMINASE
Ashanti,Amansie West,ABROFOYEDRU,L/A JSS ABORE
Ashanti,Amansie West,KYENKYENASE,D/A PRIM SCH KYENKYENASE
Ashanti,Amansie West,ABORE - EBOM,PRESBY PRIM SCH SUNTRESO
Ashanti,Amansie West,MEM,METH PRIM SCH MEM
Ashanti,Amansie West,NWENESO,D/A PRIM SCH NWENESO
Ashanti,Amansie West,ODAHO,CATH PRIM SCH ODAHO
Ashanti,Amansie West,ANKAM,METH PRIM SCH ANKAM NO. 1
Ashanti,Amansie West,AGROYESUM,R/C PRIM SCH AGROYESUM NO. 1
Ashanti,Amansie West,KENSERE,D/A PRIM SCH KENSERE
Ashanti,Amansie West,ACHIASE,D/A PRIM SCH. APONAON
Ashanti,Amansie West,DADIASE,R/C PRIM SCH MANSO ADUBIA
Ashanti,Amansie West,KUMPESE,D/A PRIM SCH KUMPESE
Ashanti,Amansie West,AFEDIE,CMB SHED AFEDIE
Ashanti,Amansie West,GYEDUAKO,CMB SHED GYEDUAKO
Ashanti,Amansie West,TAKORASI,D/A JHS TAKORASI
Ashanti,Amansie West,NKRAN,D/A PRIM SCH NKRAN
Ashanti,Amansie West,DATANO,METH PRIM SCH DATANO NO. 1
Ashanti,Amansie West,WATRESO,CMB SHED WATRESO
Ashanti,Amansie West,TONTOKROM,R/C PRIM SCH TONKOKROM
Ashanti,Amansie West,APENAMADI,D/A PRIM SCH APENAMADI
Ashanti,Amansie West,AKYEREKYEKROM,D/A PRIM SCH AKYEREKYEKROM
Ashanti,Amansie West,ABOABOSO,D/A PRIM SCH ABOABOSO
Ashanti,Amansie West,KWABENASO,D/A JHS KWABENASO
Ashanti,Amansie West,ABIRAM,METH PRIM SCH ABIRAM NO. 1
Ashanti,Amansie West,KENIAGO,R/C PRIM SCH KENIAGO NO. 2
Ashanti,Amansie West,DAWUSASO -GYEGYETRESO,D/A PRIM SCH DAWUSASO-GYEYETRRESO
Ashanti,Amansie West,ASAMAN,"D/A PRIM SCH, ASAMAN"
Ashanti,Amansie West,ABUOSO,D/A PRIM SCH ABUOSO
Ashanti,Amansie West,NPANKYEREMIA,D/A PRIM SCH NIPANKYEREMIA
Ashanti,Kwabre East,AHWIAA OVERSEAS,OLD SEKYERE RURAL BANK OVERSEAS (A)
Ashanti,Kwabre East,ANYINAM,OWONTA’S HOUSE AHWIAA ANYINAM
Ashanti,Kwabre East,EBUOM,METHODIST CHURCH AHWIAA (A)
Ashanti,Kwabre East,ANYINAM ZONGO,BUS STOP AHWIAA
Ashanti,Kwabre East,MEDOMA,METHODIST OLD CHURCH MEDOMA
Ashanti,Kwabre East,ASENUA,D/A PRIM SCH ASENUA (A)
Ashanti,Kwabre East,FAWOADE,R/C PRIM SCH FAWOADE (A)
Ashanti,Kwabre East,ABENSENASE,BENKUMHENE’S HOUSE MAMPONTENG (A)
Ashanti,Kwabre East,BRONUM,FIRE SERVICE STATION MAMPONTENG
Ashanti,Kwabre East,GYAMFI WONOO,MAAME TAWIAH’S HOUSE GYAMFI WONOO (A)
Ashanti,Kwabre East,KUBEASE,CHIEF PALACE ABOASO
Ashanti,Kwabre East,NTONSO ZONGO,FUNERAL GROUNDS TEWOBAABI
Ashanti,Kwabre East,ATOASE,OLD COURT HOUSE NTONSO
Ashanti,Kwabre East,EHINASE,COMMUNITY CENTRE NTONSO
Ashanti,Kwabre East,NEW ASONOMASO,D/A PRIM SCH NEW ASONOMASO
Ashanti,Kwabre East,ASONOMASO EAST,PRESBY UPPER PRIM SCH OLD ASONOMASO
Ashanti,Kwabre East,ASONOMASO WEST,D/A J.H.S OLD ASONOMASO
Ashanti,Kwabre East,ADANWOMASE,R/C PRIM SCH ADANWOMASE
Ashanti,Kwabre East,SARFO,PRESBY PRIM SCH SARFO
Ashanti,Kwabre East,KASAAM,METHODIST PRIM SCH KASAAM
Ashanti,Kwabre East,BAAMANG,R/C PRIM SCH BAAMANG
Ashanti,Kwabre East,SAKORA WONOO,FUNERAL GROUNDS SAKORA WONOO
Ashanti,Kwabre East,WADIE ADWUMAKASE,METHODIST PRIM SCH WADIE ADWUMAKASE
Ashanti,Kwabre East,DUMANAFO,R/C PRIM SCH DUMANAFO
Ashanti,Kwabre East,ABIRA,AGYA NUAMA’S STOREY BUILDING ABIRA
Ashanti,Kwabre East,ADEISINA,OLD COURT HOUSE KROBO
Ashanti,Kwabre East,ANTOA,CHIEF PALACE ANTOA
Ashanti,Kwabre East,ABIREM,D/A J.H.S ABIREM (A)
Ashanti,Kwabre East,KENYASE EAST,R/C PRIM SCH KENYASE
Ashanti,Kwabre East,KENYASE WEST,CHIEF PALACE KENYASE
Ashanti,Kwabre East,TANO ADWUMAM,R/C PRIM SCH TANO ADWUMAM
Ashanti,EJISU JUABEN,ACHIASE ASOMEASO,ACHIASE MARKET
Ashanti,EJISU JUABEN,ACHIASE ODUMASE,ACHIASE POST OFFICE
Ashanti,EJISU JUABEN,WABIRI AKRONWI,WAWASE M/A JHS
Ashanti,EJISU JUABEN,ESAASE,ESAASE K. G
Ashanti,EJISU JUABEN,PEMINASE,PEMINASE JHS
Ashanti,EJISU JUABEN,ADUMASA AHENBRONUM,ADUMASA MARKET
Ashanti,EJISU JUABEN,ADUMASA KROFOFROM,ADUMASA CMB
Ashanti,EJISU JUABEN,BOMFA AHENBRONUM,BOMFA POST OFFICE
Ashanti,EJISU JUABEN,BOMFA PENIPA,BOMFA M/A PRI. SCH.
Ashanti,EJISU JUABEN,NOBEWAM,NOBEWAM M/A PRI. SCH.
Ashanti,EJISU JUABEN,NEW KOFORIDUA,NEW KOFORIDUA PRESBY PRI.
Ashanti,EJISU JUABEN,DUAMPOMPO BOAMADUMASE,BOAMADUMASE M/A JHS
Ashanti,EJISU JUABEN,KUBEASE,KUBEASE FORESTRY QUARTERS
Ashanti,EJISU JUABEN,HWIRESO BOANKRA,BOANKRA METH. PRI. SCH.
Ashanti,EJISU JUABEN,ATIA,ATIA METH. PRI. SCHOOL
Ashanti,EJISU JUABEN,AMPABAME ADADIENTEM,AMPABAME JHS
Ashanti,EJISU JUABEN,BESEASE,BESEASE SAKORA PARK
Ashanti,EJISU JUABEN,AKYAWKROM,AKYAWKROM COMM. CENTRE
Ashanti,EJISU JUABEN,ASOTWE,ASOTWE M/A JHS
Ashanti,EJISU JUABEN,BONWIRE,BONWIRE M/A PRIM. SCH.
Ashanti,EJISU JUABEN,BONWIRE NORTH,BONWIRE CHIEF’S PALACE
Ashanti,EJISU JUABEN,DAMANG,JUABENG OLD COURT NO. 1
Ashanti,EJISU JUABEN,MMORONTUO,JUABEN METH. PRIM. SCH.
Ashanti,EJISU JUABEN,NKWANTANAN,JUABEN KUAPA KOKUO
Ashanti,EJISU JUABEN,OFOASE – ABETENIM,OFOASE METH. PRI. SCH.
Ashanti,EJISU JUABEN,NKYEREPOASO,NKYEREPOASO M/A JHS
Ashanti,EJISU JUABEN,EJISU NEWTOWN,BAFOSO ED. OFFICE A
Ashanti,EJISU JUABEN,AKYEREMADE,EJISU R/C PRIM. SCH. NO. 1 A.
Ashanti,EJISU JUABEN,EJISU ZONGO,EJISU EXP. SCH. NO. 1A
Ashanti,EJISU JUABEN,KRAPA,KRAPA M/A JHS
Ashanti,EJISU JUABEN,KWAMO,KWAMO CHIEF’S PALACE (A)
Ashanti,EJISU JUABEN,TIKROM,TIKROM M/A JHS
Ashanti,EJISU JUABEN,FUMESUA,FUMESUA CHIEF’S PALACE ‘A’
Ashanti,EJISU JUABEN,KOKOBRA OKYEREKROM,KOKOBRA TOWN COUNCIL A.
Ashanti,EJISU JUABEN,ACHIASE,ACHIASE M/A PRIM. SCH. (A)
Ashanti,EJISU JUABEN,APROMASE,APROMASE NANA BROBBEY INT. & COMM. CENTRE.
Ashanti,EJISU JUABEN,DOMEABRA,DOMEABRA M/A JHS
Ashanti,EJISU JUABEN,ABOANIM KROFOFROM,ONWE M/A 1 PRIM. SCH.
Ashanti,EJISU JUABEN,WONTONASE ABURASO,ONWE COMMUNITY CENTRE
Ashanti,EJISU JUABEN,ABENASE,ABENASE MARKET
Ashanti,EJISU JUABEN,ESSIENIMPONG,ESSIENIMPONG COMM. CENT.
Ashanti,EJISU JUABEN,KWASO DENTESO,KWASO PRESBY JHS NO. 1
Ashanti,EJISU JUABEN,KWASO KUROTIA,KWASO COURT HOUSE
Ashanti,EJISU JUABEN,ACHINAKROM,ACHINAKROM COM. CENT.
Ashanti,EJISU JUABEN,DEDUAKO – SARPE,DEDUAKO M/A PRIM.
Ashanti,EJISU JUABEN,DONYINA,DONYINA R/C PRIM.
Ashanti,BANTAMA,AHENBRONUM,<NOT PROVIDED>
Ashanti,BANTAMA,ABREPO JUNCTION,"METHODIST JSS, BANTAMA"
Ashanti,BANTAMA,ABREPO-JUNCTION,"METHODIST JSS, BANTAMA"
Ashanti,BANTAMA,NORTH SUNTRESO,"RED CROSS, NORTH SUNTRESO"
Ashanti,BANTAMA,ADOATO,"ASEMPA PHARMACY, ADOATO (A)"
Ashanti,BANTAMA,KOKOSO- ASUBONTENG,KOKOSO STATION (A)
Ashanti,BANTAMA,BOHYEN ABREPO –MPATASIE,"FUNDAMENTAL BAPTIST, BOHYEN (A) ST. ANTHONY’S HOSPITAL, ABREPO"
Ashanti,BANTAMA,OHWIM-AMANFROM,"R/C PRIMARY SCHOOL, OHWIM (A)"
Ashanti,KWADASO,KWADASO,"BETHEL METHODIST CHURCH, KWADASO"
Ashanti,KWADASO,KWADASO NORTH,"MAY DAY CARE, KWADASO NORTH"
Ashanti,KWADASO,NSIAH ASARE,"UPPER PRIMARY, EHWIMASE"
Ashanti,KWADASO,EDWENEASE,REHABILITATION CENTRE
Ashanti,KWADASO,NZIMA,"R/C CHURCH, NZIMA"
Ashanti,KWADASO,0 OHWIMASI-DENKYEMUOSO,"ST. FRANCIS ANGLICAN PRIM, OHWIMASI"
Ashanti,KWADASO,ASUOYEBOAH,"METHODIST PARK, ASUOYEBOAH"
Ashanti,KWADASO,TANOSO,"ANGLICAN JHS, TANOSO (A)"
Ashanti,KWADASO,TANOSO,"ANGLICAN JHS, TANOSO (A)"
Ashanti,KWADASO,APATRAPA,"R/C PRIMARY SCHOOL, APATRAPA (A)"
Ashanti,NHYIAESO,RIDGE NHYIAESO,STATE EXPERIMENTAL (A)
Ashanti,NHYIAESO,RIDGE NHYIAESO,STATE EXPERIMENTAL
Ashanti,NHYIAESO,APRAMANG –DABAN,"M/A JHS SCHOOL, APRAMANG"
Ashanti,NHYIAESO,SOKOBAN,"M/A PRIMARY SCHOOL, SOKOBAN"
Ashanti,NHYIAESO,SANTASI,"M/A JSS 3, SANTASI"
Ashanti,NHYIAESO,SANTASI,"M/A JSS 3, SANTASI"
Ashanti,NHYIAESO,ATASEMANSO,"M/A PRIMARY SCHOOL, ATASOMANSO (A)"
Ashanti,NHYIAESO,ADIEMBRA-FANKYENEBRA,OPOKU WARE ADMINISTRATION BLK
Ashanti,NHYIAESO,ADIEMBRA-FANKYENEBRA,OPOKU WARE ADMINISTRATION BLK
Ashanti,NHYIAESO,PATASI,"POLICE DEPOT, PATASI (A)"
Ashanti,NHYIAESO,SOUTH SUNTRESO,"SDA M/A JSS 3&4, SOUTH SUNTRESO"
Ashanti,NHYIAESO,KWADASO ESTATE,"ESTATE SCHOOL JHS, KWADASO ESTATE"
Ashanti,ASOKWA SUB-METRO,AGOGO NORTH,METHODIST CHURCH (A)
Ashanti,ASOKWA SUB-METRO,AGOGO SOUTH,M/A JHS ATONSU
Ashanti,ASOKWA SUB-METRO,ATONSU,BOSOMTWE RURAL BANK LAST STOP (A)
Ashanti,ASOKWA SUB-METRO,DOMPOASE FABI,M/A PRIMARY SCH DOMPOASE (A)
Ashanti,ASOKWA SUB-METRO,KUWAIT APRABO,QUEEN’S HOSPITAL
Ashanti,ASOKWA SUB-METRO,CHIRAPATRE,R/C PRIMARY SCH CHIRAPATRE (A)
Ashanti,ASOKWA SUB-METRO,GYENYASE,M/A PRIMARY GYENYASE
Ashanti,ASOKWA SUB-METRO,AHINSAN,M/A JHS AHINSAN
Ashanti,ASOKWA SUB-METRO,AHINSAN ESTATE,GOOD SHEPHERED PREPARATORY SCH (A)
Ashanti,ASOKWA SUB-METRO,KAASI,M/A JSS KAASI (A)
Ashanti,ASOKWA SUB-METRO,ASOKWA NEW TOWN,APOSTOLIC CHURCH OLD ASOKWA
Ashanti,ASOKWA SUB-METRO,ASOKWA EXTENTION CENTRAL,MEAT MARKETING BOARD
Ashanti,ASOKWA SUB-METRO,AHENBRONUM,AHENBRONUM PALACE (A)
Ashanti,ASOKWA SUB-METRO,AYIGYA,L/A PRIMARY SCHOOL AYIGYA (A)
Ashanti,ASOKWA SUB-METRO,AKETEGO,GHANA NATIONAL ACADEMY
Ashanti,ASOKWA SUB-METRO,BOMSO,CHRISTIAN PREP. BOMSO LOWER
Ashanti,ASOKWA SUB-METRO,TECH,MANCIPLES KNUST (A)
Ashanti,ASOKWA SUB-METRO,OFORIKROM EAST,ARABIC/ENG SCH. DAGOMBA LINE (A)
Ashanti,ASOKWA SUB-METRO,OFORIKROM WEST,POLICE STATION OFRIKROM (A)
Ashanti,ASOKWA SUB-METRO,ANLOGA EAST,SISSAKYI BRIDGE
Ashanti,ASOKWA SUB-METRO,ANLOGA WEST,FUGA DOWN SOBOLO STATION ANLOGA (A)
Ashanti,ASOKWA SUB-METRO,ANWOMASO,M/A PRIM. SCH. ANWOMASO (A)
Ashanti,ASOKWA SUB-METRO,AYEDUASE,R/C PRIMARY KOTEI (A)
Ashanti,ASOKWA SUB-METRO,APEADU/BOADIEMINA,R/C PRIMARY SCHOOL KOKOBIN
Ashanti,ASOKWA SUB-METRO,DEDUAKO,M/A PRIMARY SCHOOL DEDUAKO (A)
Ashanti,ASOKWA SUB-METRO,KANTINKRONO,M/A PRIM SCH. KANTINKRONO (A)
Ashanti,ASOKWA SUB-METRO,APRADE,NEW AMSTERDAM HOTEL APRADE
Ashanti,ASOKORE MAMPONG,NEW ZONGO,CENTRAL MOSQUE ISLAMIC SCHOOL
Ashanti,ASOKORE MAMPONG,BAPTIST CHURCH AKWATIALINE,BAPTIST CHURCH AKWATIA LINE
Ashanti,ASOKORE MAMPONG,ASAWASE,METHODIST JSS (2) HOME SCIENCE ASAWASI
Ashanti,ASOKORE MAMPONG,ABOABO NO.1,ABOABO M/A PRIMARY SCHOOL
Ashanti,ASOKORE MAMPONG,ABOABO NO.2,MIDDLE “B” JHS ABOABO NO.2
Ashanti,ASOKORE MAMPONG,ASOKORE MAMPONG,"OLD PALACE, ASOKORE MAMPONG (A)"
Ashanti,ASOKORE MAMPONG,SEPE-TIMPOM,M/A PRIMARY SCH SEPE TIMPOM
Ashanti,ASOKORE MAMPONG,ADUKROM,M/A JSS ADUKROM
Ashanti,ASOKORE MAMPONG,AKUREM,HOLY SPIRIT INT SCHOOL NO.1 (A)
Ashanti,ASOKORE MAMPONG,ADENYASE,GRALALIC CHURCH ADENYASE (A)
Ashanti,Sekyere Afram Plains,Dagomba,"L/A Primary School, Dagomba"
Ashanti,Sekyere Afram Plains,Drobonso,"Presby Primary School, Drobonso"
Ashanti,Sekyere Afram Plains,Dawia,"L/A Primary School, Dawia"
Ashanti,Sekyere Afram Plains,Seneso Asuogya,"L/A Primary School, Seneso"
Ashanti,Sekyere Afram Plains,Anyinofi,SDA Primary School Anyinofi
Ashanti,Sekyere Afram Plains,Abura,"L/A Primary School, Abura"
Ashanti,Sekyere Afram Plains,Saabum,"L/A Primary School, Saabum"
Ashanti,Sekyere Afram Plains,Saabuso,"L/A Primary School, Saabuso"
Ashanti,Sekyere Afram Plains,Fumsua,"L/A Primary School, Fumsua"
Ashanti,Sekyere Afram Plains,Hamidu,"L/A Primary School, Hamidu"
