Eastern,East Akim,Asiakwa Supon,"Funeral Grounds, Asiakwa"
Eastern,East Akim,Asiakwa Twafo,"Chief Palace, Asiakwa"
Eastern,East Akim,Sagyimase,"Day Care Centre, Sagyimase"
Eastern,East Akim,Asikam,"Funeral Grounds, Asikam"
Eastern,East Akim,Pano/Kibi Zongo,Islamic Prim. Sch. Zongo Kibi
Eastern,East Akim,Kibi Ahenbronom,Presby Prim. Sch. Kibi
Eastern,East Akim,Kibi New Town,M/A Experimental Sch. Kibi (A)
Eastern,East Akim,Akwadum/Domeabra,"Community Centre, Kibi (A)"
Eastern,East Akim,Potroase,"Funeral Grounds, Potroase"
Eastern,East Akim,Odumase,"M/A JHS, Odumase"
Eastern,East Akim,Kwasi Komfo,Presby Prim. Sch. Okanta
Eastern,East Akim,Apapam,Presby Prim. Sch. Apapam
Eastern,East Akim,Wirenkyeren Amanfrom,"Pentecost Church, Wirenkyeren Amanfrom"
Eastern,East Akim,Apedwa Asewase Bremang,"CMB Shed, Apedwa"
Eastern,East Akim,Apedwa Gyanobaase,"Day Care Centre, Apedwa"
Eastern,East Akim,Nkronso,"CMB Shed II, Nkronso"
Eastern,East Akim,Akooko Aniabena/Tiger,"Chief Palace, Akooko"
Eastern,East Akim,Adjepomaa/Pechi Adwumoku,"Funeral Grounds, Adjepomaa"
Eastern,East Akim,Asafo,Presby Prim. Sch. Akim Asafo
Eastern,East Akim,Maase,Methodist Prim. Sch. Maase
Eastern,East Akim,Addonkwanta,Presby Prim. Sch. Addonkwanta
Eastern,East Akim,Subriso,M/A Prim. Sch. Ntaabea
Eastern,East Akim,Bunso,"CMB Shed, Bunso"
Eastern,East Akim,Apotosu Kukurantumi,"CHRISTECH SRC block, Kukurantumi"
Eastern,East Akim,"Ahenbronom, Kukurantumi","Town Council Hall, Kukurantumi (A)"
Eastern,East Akim,Sokode Juaso,M/A Prim. Sch. Sokode Juaso
Eastern,East Akim,Ati Amanfrom New Tafo,Presby Prim. Sch. Ati - New Tafo
Eastern,East Akim,Ati Ahenbronom New Tafo,"Chief Palace, Ati - New Tafo"
Eastern,East Akim,Mangoase New Tafo,Feden Prim. Sch. New Tafo
Eastern,East Akim,C R I G New Tafo,CRIG M/A Prim. Sch. New Tafo
Eastern,East Akim,Dar-El-Salam New Tafo,"Town Council Hall, New Tafo (A)"
Eastern,East Akim,Nobi Bayera,M/A Prim. Sch. Nobi Bayera
Eastern,East Akim,Anweabeng,Presby Prim. Sch. Anweabeng
Eastern,East Akim,Ahenbronom Old Tafo,"Chief Palace, Fofiase Old Tafo"
Eastern,East Akim,Abaase Old Tafo,WBM Zion SHS. Old Tafo
Eastern,East Akim,Afigya Osiem,"Police Station, Osiem"
Eastern,East Akim,Ahenbronom Osiem,"Presby JHS, Osiem"
Eastern,East Akim,Ettukrom,Methodist Prim. Sch. Ettukrom
Eastern,East Akim,Anyinasin,Presby Prim. Sch. Anyinasin
Eastern,SUHUM,ELECTORAL AREA NAME,DESIGNATED REGISTRATION CENTRE
Eastern,SUHUM,AYEH BRONMU NORTH,"ANGLICAN J.S.S SCHOOL, SUHUM ‘A’"
Eastern,SUHUM,AYEH BRONMU SOUTH,"ISLAMIC PRIMARY SCHOOL, SUHUM"
Eastern,SUHUM,OSAFOHENE ATIEMOKROM,"COMMUNITY CENTER, SUHUM"
Eastern,SUHUM,OFORIKROM,GHANATA D/A JHS ‘A’ SUHUM
Eastern,SUHUM,NARTEY ANOMA,METHODIST PRIMARY SCHOOL SUHUM
Eastern,SUHUM,DESIGNATED REGISTRATION CENTRE,OTHER POLLING STATIONS
Eastern,SUHUM,AHENBRONMU,PRESBY PRIMARY SCHOOL SUHUM ‘A’
Eastern,SUHUM,NEW TOWN SOUTH,SUHUM SEC. TECH SCHOOL ‘A’
Eastern,SUHUM,NEW TOWN NORTH,"METHODIST CHURCH, SUHUM NEW TOWN"
Eastern,SUHUM,OKANTA,"C.M.B. SHED, KWABENA KUMI"
Eastern,SUHUM,OMENAKO,OMENAKO D/A J H S
Eastern,SUHUM,DESIGNATED REGISTRATION CENTRE,OTHER POLLING STATIONS
Eastern,SUHUM,APONOAPONO,NSUTA WAWASE D/A JHS
Eastern,SUHUM,ADARKWA/OTWEBEDIADUA,ADARKWA D/A J.H.S
Eastern,SUHUM,AMANHYIA,"C.M.B. SHED, TETEH NKWANTA"
Eastern,SUHUM,TETEKASOM,D/A PRIMARY SCHOOL TETEKASOM
Eastern,SUHUM,BRONG DENSUSU,"C.M.B. SHED, BRONG DENSUSU"
Eastern,SUHUM,ZONGO AMANFROM,UNITED PRIMARY SCHOOL NANKESE
Eastern,SUHUM,NANKESE AHENBRONMU,K. ANNOR PRIM. SCH. OYOKO-OYE NANKESE
Eastern,SUHUM,DESIGNATED REGISTRATION CENTRE,OTHER POLLING STATIONS
Eastern,SUHUM,ABISIM,D/A J H S. ABISIM
Eastern,SUHUM,ADIDSO,"D/A PRIMARY SCHOOL, ADIDISO"
Eastern,SUHUM,AKORTEY,"D/A PRIMARY SCHOOL, AKORTEY"
Eastern,SUHUM,AKORABO,METHODIST PRIM. SCH. AKORABO
Eastern,SUHUM,AMEDE,PRESBY PRIMARY SCHOOL AKORABO NEW TOWN
Eastern,SUHUM,SUPRISO,"METHODIST PRIMARY SCHOOL, SUPRISO"
Eastern,SUHUM,KWASHIA,PRESBY PRIMARY SCHOOL KWASHIA
Eastern,SUHUM,KUKUA,R/C ‘B’ PRIM. SCH. . KUKUA
Eastern,SUHUM,KORANSANG,L/A J.H.S. KORANSANG
Eastern,SUHUM,DESIGNATED REGISTRATION CENTRE,OTHER POLLING STATIONS
Eastern,SUHUM,MAMENG,PRESBY PRIMARY SCHOOL MAMENG
Eastern,SUHUM,ZORH,D/A PRIMARY SCHOOL ZORH
Eastern,SUHUM,ASAREKROM,D/A PRIM. SCH. ASRENSU DEDEWA NO. 1
Eastern,Lower Manya,KPONG AHUDZO,"RC Prim. School, Kpong"
Eastern,Lower Manya,KPONG ZONGO,Anlokordzi
Eastern,Lower Manya,OKWENYA,Wetsonya
Eastern,Lower Manya,VRA RESETTLEMENT,Community Dev’t Centre
Eastern,Lower Manya,PARKSON,"Presby Prim. Sch., Kpong"
Eastern,Lower Manya,NUASO NEW TOWN,Makrosec
Eastern,Lower Manya,NUASO OLD TOWN,"Roman Chapel, Nuaso"
Eastern,Lower Manya,MANYAKPONGUNOR SOUTH,Manyakpongunor Post Office
Eastern,Lower Manya,MANYAKPONGUNOR NORTH,"Presby Prim. Sch., M’kpongunor"
Eastern,Lower Manya,YOHE,"Presby Chapel, Siasi"
Eastern,Lower Manya,ABANSE,"Church of Pentecost, Akromoase"
Eastern,Lower Manya,AGBOM EAST,Blornguanya
Eastern,Lower Manya,AGBOM WEST,"Meth. Prim., Abordonya"
Eastern,Lower Manya,AGOMANYA SOUTH,Agormanya Market Area
Eastern,Lower Manya,AGOMANYA,Ablotsi
Eastern,Lower Manya,ODUMASE MAMPONG,"Ang. Prim. Sch., Mampong"
Eastern,Lower Manya,KORLETSOM,Laasi Park
Eastern,Lower Manya,ODUMASE NORTH,"Presby Chapel, Odumase"
Eastern,Lower Manya,ODUMASE SOUTH,Accra Station. Odumase
Eastern,Lower Manya,KODJONYA,Liberty
Eastern,Lower Manya,ATUA,"GES Office, Atua"
Eastern,Lower Manya,ASITEY,Manguam
Eastern,Lower Manya,AYERMESU,"MA Prim. School, Ayermesu"
Eastern,Lower Manya,OBORPAH,"MA Prim. School, Oborpah"
Eastern,Lower Manya,WAWASE,"MA Prim. Sch., Wawase"
Eastern,Lower Manya,AMEDEKA,"MA Prim. School, Amedeka"
Eastern,Lower Manya,AKUTUE,Day Care Centre
Eastern,Lower Manya,AKUSE ZONGO,Akuse Zongo
Eastern,Lower Manya,OSORKUTU,Osorkutu
Eastern,Lower Manya,SALOM,"RC Prim. School, Salom Akuse"
Eastern,Lower Manya,BUNGALOW,"KC3, Akuse"
Eastern,West Akim,BEPOSO,ASAMANKESE COMM. CENTRE A
Eastern,West Akim,ABUCHEM,ASAMANKESE ARABIC DAY SCH 1
Eastern,West Akim,KROFOFOROM,KROFOROM L/A PRIM SCH.
Eastern,West Akim,ODJARDE,ODJARDE L/A PRIM SCH.
Eastern,West Akim,BRONOSO/CHRISTIAN QUARTERS,ASAMANKESE PRESBY PRIM. SCH. ‘A’
Eastern,West Akim,ABAASE,ASAMANKESE SALV. ARMY ‘A’
Eastern,West Akim,AHINASU,ASAMANKESE ANGLICAN JHS
Eastern,West Akim,ASAMANKETEWA,ASAMANKESE OLD METH. CHAPEL
Eastern,West Akim,ANUM,ANUM L/A KINDERGARTEN SCH.’A’
Eastern,West Akim,ROMAN QUARTERS,ASAMANKESE R/C PRIM SCH. ‘A’
Eastern,West Akim,ASIKAFO AMANTEM,ASAMANKESE METH. PRIM ‘A’
Eastern,West Akim,AMANFROM NO. 2,ASAMANKESE POST OFFICE ‘A’
Eastern,West Akim,SABON ZONG,EC OFFICE ASAMANKESE
Eastern,West Akim,BUNSO,BUNSO METH. PRIM SCH. ‘A’
Eastern,West Akim,TOPEASE,TOPEASE METH. PRIM SCH ‘A’
Eastern,West Akim,APRAMPRAMU NO. 1,PRESBY CHURCH OSENASE
Eastern,West Akim,DENSUAKWA,AME ZION CHURCH OSENASE
Eastern,West Akim,NKURANKAN,PRESBY PRIM SCH. NKURAKAN
Eastern,West Akim,KAKOASE,L/A PRIM SCH. KAKOASE ‘A’
Eastern,West Akim,APRAMPRAMU NO.2,PRESBY PRIM. SCH. OSENASE
Eastern,West Akim,NYANKOMASE,PRIM. HEALTH CARE OTWENKWANTA
Eastern,West Akim,AKANTENG,PRESBY PRIM. SCH. AKANTENG ‘A’
Eastern,West Akim,KOBRISO,L/A PRIM. SCH. KOBRISO
Eastern,West Akim,AKWADUM/ASUOFORI,L/A PRIM. SCH. AKWADUM
Eastern,West Akim,AWAHAM,PRESBY PRIM. SCH. AWAHAM
Eastern,West Akim,EKOSO,EKOSO PRESBY PRIM. SCH. A
Eastern,West Akim,AKIM BOSO,AKIM BOSO AME ZION ‘A’
Eastern,West Akim,BREKUMANSO,EKUMANSO L/A PRIM SCH.
Eastern,West Akim,AMAKO,AMAAKO PRESBY PRIM. SCH. ‘A’
Eastern,West Akim,OWURAM,OWURAM PRESBY PRIM. SCH. ‘A’
Eastern,West Akim,PABI,"PRESBY PRIM SCH, PABI"
Eastern,West Akim,AFRANSE,AFRANSE L/A PRIM SCH
Eastern,Akwapim North,ABIRIW,PREBY PRIM SCH. ABIRIW NO.1
Eastern,Akwapim North,DAWU AHENBRONMU,"METH. SCH. METH MISSION, DAWU"
Eastern,Akwapim North,DAWU BRONMU,PREBY SCH.ABESRE DAWU
Eastern,Akwapim North,AWUKUGUA ALANESO,"L/A PRIM SCH. AGYENESO, AWUKUGUA"
Eastern,Akwapim North,AWUKUGUA,"L/A PRIM SCH. AYAADE, AWUKUGUA"
Eastern,Akwapim North,METHODIST MISSION,"METH. CHAPEL SQUARE, ADUKROM"
Eastern,Akwapim North,ANINKODE,ADUKROM NO.3 POLLING STATION
Eastern,Akwapim North,AKOAWI,"SOCIA CENTRE,ADUKROMM"
Eastern,Akwapim North,ABONDE PRESBY MISSION,PRESBY PRIM SCH. ADUKROM
Eastern,Akwapim North,ASESEESO,PRESBY PRIM SCH. ASESEESO
Eastern,Akwapim North,ABONSE,PRESBY PRIM SCH. ABONSE
Eastern,Akwapim North,ADEAKU ABONDI,APIREDE POLLINF STATION
Eastern,Akwapim North,AKYAWRA MONU,PERSBY PRIM MONU APIREDE
Eastern,Akwapim North,ASENEMA KLUTIASE,L/A PRIM SCH. ASENEMA
Eastern,Akwapim North,ASI NKWANTA,L/A PRIM SCH. ASI NKWANTA
Eastern,Akwapim North,OKRAKWADJO,L/A PRIM SCH. SCH. OKRAKWADJO
Eastern,Akwapim North,AMANFRO,L/A PRIM SCH. AMANFO NO. 1
Eastern,Akwapim North,NKYENOA,PRESBY SCH. PLAZA
Eastern,Akwapim North,AKYEREMATENG,L/A PRIM SCH. AKYRERMATENG
Eastern,Akwapim North,ASAMANG ONYAMEBEKYERE,PERSBY PIRM SCH. ASAMANG
Eastern,Upper West Akim,OKUSO,METH. PRIM SCH. ADEISO ‘A’
Eastern,Upper West Akim,ROMAN RIDGE,R/C PRIM SCH ADIESO A
Eastern,Upper West Akim,PALACE,POST OFFICE ADEISO A
Eastern,Upper West Akim,SALEM,PRESBY PRIM SCH. ADEISO A
Eastern,Upper West Akim,ASUABA,PRESBY PRIM SCH ASUABA ‘A’
Eastern,Upper West Akim,KWASI NYARKO,PRESBY PRIM SCH KWASI NYARKO A
Eastern,Upper West Akim,DANSO,ANGLICAN PRIM SCH DANSO ‘A’
Eastern,Upper West Akim,OBENG YAW,L/A PRIM. SCH OBENG YAW
Eastern,Upper West Akim,ODUMKYERE-DARMANG,KOFI ASARE L/A PRIM SCH.
Eastern,Upper West Akim,DOMEABRA,PRESBY PRIM SCH DOMPONEASE
Eastern,Upper West Akim,OKURASE,UNITED PRIM SCH OKURASE ‘A’
Eastern,Upper West Akim,POBEE,CMD SHED MEPOM
Eastern,Upper West Akim,SUKRONG BETHLEHEM,R/C PRIM SCH SUKRONG BETHLEHEM
Eastern,Upper West Akim,AHENBRONOM,R/C PRIM SCH MEPOM
Eastern,Upper West Akim,SUKRONOM CANAAN,METH PRIM SCH SUKRONG CANAAN
Eastern,Upper West Akim,ATIMATIM,L/A PRIM. SCH. ATIMATIM
Eastern,Upper West Akim,ASUOKAW,METH. PRIM. SCH ASUOKAW ‘A’
Eastern,Upper West Akim,KATAYENSUA,L/A PRIM. SCH. KATAYENSUA
Eastern,Upper West Akim,ASIKASU,METH. PRIM. SCH. ASIKASU
Eastern,Upper West Akim,ASUOTWENE,PRESBY PRIM. SCH. ASUOTWENE ‘A’
Eastern,Upper West Akim,KRODUA,L/A PRIM. SCH. KRODUA
Eastern,Upper West Akim,AKIM-BREMAN,ANGLICAN PRIM. SCH. AKIM BREMAN
Eastern,Upper West Akim,KWAO-BAAH,ANGLICAN PRIM. SCH. KWAO BAAH
Eastern,Upper West Akim,NYANOA,METH. PRIM. SCH. NYANOA ‘A’
Eastern,Upper West Akim,ABAMKROM,METH. PRIM SCH. ABAMKROM ‘A’
Eastern,Upper West Akim,KUMIKROM,PRESBY PRIM. SCH. KUMIKROM
Eastern,Birim South,ELECTORAL AREA NAME,DESIGNATED REGISTRATION CENTRE
Eastern,Birim South,SUAME AKIM SWEDRU,SUAME AKIM SWEDRU ‘A’
Eastern,Birim South,ADEEETO AKIM SWEDRU,AHENBRONOM AKIM SWEDRU
Eastern,Birim South,ASRAMASE AKIM SWEDRU,BOSOME TEC SEC AKIM SWEDRU
Eastern,Birim South,"DOMEABRA , AKIM SWEDRU",BOSOME TECH. SEC. AKIM SWEDRU
Eastern,Birim South,ADIEMBRA/BABIANEHA,R/C PRIMARY SCH.ADIEMBRA
Eastern,Birim South,AKIM AWISA,"L/A JHS, AKIM AWISA"
Eastern,Birim South,AKIM APAASO,L/A PRIMARY SCH. ASAWASE
Eastern,Birim South,ELECTORAL AREA NAME,DESIGNATED REGISTRATION CENTRE
Eastern,Birim South,APENKWA ADUASA,APENKWA ADUASA
Eastern,Birim South,ODUMASE ADUASA,"L/A PRIMARY SCH., ADUASA"
Eastern,Birim South,AKOTEKROM,AKOTEKROM
Eastern,Birim South,APOLI,APOLI
Eastern,Birim South,ABUANU ACHIASE,"HEALTH CENTRE, ACHIASE"
Eastern,Birim South,ABROMANMU ACHIASE,ABROMANMU ACHIASE
Eastern,Birim South,KORANSAN ACHIASE,SALVATION ARMY (A)
Eastern,Birim South,ELECTORAL AREA NAME,DESIGNATED REGISTRATION CENTRE
Eastern,Birim South,AYOKOA ACHIASE,AYOKOA ACHIASE
Eastern,Birim South,OSORASE,CATH. MID SCH. OSORASE
Eastern,Birim South,TESHIEMAN,CMB TESHIEMAN
Eastern,Birim South,NYANKOMASE,A.M.E ZION PRIMARY SCH.
Eastern,Birim South,AHENBRONOM APERADE,AHENBRONOM APERADE
Eastern,Birim South,DUAKON,L/A PRIMARY SCH. DUAKON
Eastern,Birim South,AKENKANSU,METHODIST PRIMARY SCH. AKENKANSU
Eastern,Birim South,DESIGNATED REGISTRATION CENTRE,OTHER POLLING STATIONS
Eastern,Birim South,ABAASE ANAMASE,ABAASE ANAMASE
Eastern,Birim South,DWIRASE ANAMASE,L/A JHS ANAMASE
Eastern,Birim South,KOKOBENG,L/A PRIMARY SCH. KOKOBENG
Eastern,Birim South,BEINI/ ANYINAM-KOTOKU,L/A PRIMARY SCH. BIENI
Eastern,AKUAPEM SOUTH,ELECTORAL AREA NAME,DESIGNATED REGISTRATION CENTRE
Eastern,AKUAPEM SOUTH,FANTE TOWN,PRESBY JHS SCH. PAKRO
Eastern,AKUAPEM SOUTH,ADJENASE PIEM,ADJENASE MARKET PAKRO
Eastern,AKUAPEM SOUTH,ABAASE,R/C JHS PAKRO
Eastern,AKUAPEM SOUTH,TABANKRO,"PRESBY PRIM SCH , ADESA (PAKRO)"
Eastern,AKUAPEM SOUTH,OBOSONO,JHS OBOSONO
Eastern,AKUAPEM SOUTH,OBOTWERI,DAY CARE CENTRE OBOTWERI
Eastern,AKUAPEM SOUTH,DAGO,L/A PRIM SCH DAGO
Eastern,AKUAPEM SOUTH,FAHIAKOR,FAHIAKOR (DAGO)
Eastern,AKUAPEM SOUTH,OBODAN,UPPER PRIM OBODAN
Eastern,AKUAPEM SOUTH,DESIGNATED REGISTRATION CENTRE,OTHER POLLING STATIONS
Eastern,AKUAPEM SOUTH,AHYIRESU,AHYIRESU AMANFROM
Eastern,AKUAPEM SOUTH,ATTAKROM,L/A PRIM ATTAKROM
Eastern,AKUAPEM SOUTH,NSAKYE,PRESBY PRIM NSAKYE
Eastern,AKUAPEM SOUTH,NSABA,POKROM MARKET
Eastern,AKUAPEM SOUTH,ABURI AMANFO,L/A PRIM SCH. ABURI AMANFRO
Eastern,AKUAPEM SOUTH,OBOADAKA,PRESBY PRIM OBOAKAKA
Eastern,AKUAPEM SOUTH,DUMPONG,L/A PRIM SCH. DUMPONG
Eastern,AKUAPEM SOUTH,ABURI WEST,ADONTENG SEC SCH. ABURI ‘A’
Eastern,AKUAPEM SOUTH,ELECTORAL AREA NAME,DESIGNATED REGISTRATION CENTRE
Eastern,AKUAPEM SOUTH,ABURI EAST,BRUKUASE ‘’A’’
Eastern,AKUAPEM SOUTH,ABURI NORTH,ABURI PRESBY UPPER PRIM’’A’’
Eastern,AKUAPEM SOUTH,OTWERI,AHWEREASE PRESBY PRIM SCH
Eastern,AKUAPEM SOUTH,ADAMOROBEASE,ADAMOROBE ANGLICAN PRIM SCH ‘’A’’
Eastern,AKUAPEM SOUTH,JANKAMA/KONKONURU,JANKAMA PRESBY PRIM SCH
Eastern,AKUAPEM SOUTH,KITASE,KITASE L/A JHS ‘A’
Eastern,AKUAPEM SOUTH,BREKUSO,BREKUSO DAY CARE CENTRE
Eastern,New Juaben,OSABENE MILE 50,MILE 50 M.A. PRIMARY A
Eastern,New Juaben,ADWESO ESTATES,WESLEY INTERNATIONAL SCH.
Eastern,New Juaben,ADWESO TOWN,GOOD NEWS PRE. SCH. ADWESO
Eastern,New Juaben,TWO STREAMS,NURSES TRAINING
Eastern,New Juaben,NYEREDE NORTH,ANGLICAN PRI. SCH. KORELE NKWANTA
Eastern,New Juaben,NYEREDE SOUTH,M.A. J.H.S. TROM
Eastern,New Juaben,RESIDENTIAL,MINISTRIES CANTEEN KOFORIDUA
Eastern,New Juaben,OGUAA,LEGION HALL
Eastern,New Juaben,ASUOFIRISO,PRESBY ‘B’ JHS K’DUA
Eastern,New Juaben,ANGLICAN,ST PETER’S PRIMARY
Eastern,New Juaben,ADONTUA,ADONTUA KOFORIDUA
Eastern,New Juaben,OHEMAA PARK,OHEMAA PARK
Eastern,New Juaben,SCHOOL TOWN,METHODIST PRIM SCHOOL
Eastern,New Juaben,OLD ESTATE WEST,VERTINARY DEPT OFFICE K’DUA
Eastern,New Juaben,OLD ESTATE EAST,HOUSING CORP OFFICE OLD ESTATE
Eastern,New Juaben,TANOSO,TANOSO SOUTH
Eastern,New Juaben,NSUKWAOSO ABOTANSO,ANGLICAN PRIMARY
Eastern,New Juaben,NSUKWAOSO,TIMBER MARKET
Eastern,New Juaben,RAILWAY STATION,RAILWAY STATION
Eastern,New Juaben,DEBRAKROM,METHODIST BOYS SCH K’DUA
Eastern,New Juaben,AKWAASU ASEBI,RC UPPER PRIMARY
Eastern,New Juaben,CENTRAL MARKET AREA,KWAKU OCTERE DEPOT
Eastern,New Juaben,SOCIAL WELFARE,SOCIAL WELFARE OFFICE
Eastern,New Juaben,KANTUDU,SCC OFFICE K’DUA
Eastern,New Juaben,CENTRAL HOSPITAL,CENTRAL HOSPITAL O.P.D. K’DUA
Eastern,New Juaben,ANLO TOWN SOUTH,ANLO TOWN DOWN SOUTH
Eastern,New Juaben,ANLO TOWN NORTH,A.M.E. ZION JHS K’DUA
Eastern,New Juaben,KLU TOWN,APEMPOA SCHOOL K’DUA
Eastern,New Juaben,COMMUNITY A&B,MAHD-DEEN ISLAMIC JHS N/TOWN
Eastern,New Juaben,COMMUNITY C,ZONGO CLINIC
Eastern,New Juaben,COMMUNITY D,CHIEF BUTCHER N/T
Eastern,New Juaben,ADA,KOFORIDUA SENIOR HIGH SCH
Eastern,New Juaben,NYAMEKROM,RC PRIMARY SCH. NYAMEKROM
Eastern,New Juaben,SEPOAMIENSA,KOFORIDUA POLY POLLING STATION
Eastern,New Juaben,SUKUUM EFFIDUASE,METH JHS EFFIDUASE
Eastern,New Juaben,DAMANG,METH. CHAPEL EFFIDUASE
Eastern,New Juaben,OGUAA,PRESBY SCHOOL EFFIDUASE
Eastern,New Juaben,ADUMASA,EFFIDUASE COMMUNITY CENTRE
Eastern,New Juaben,GYAMFIKROM,PENTECOST CHURCH ASKORE
Eastern,New Juaben,DESIGNATED REGISTRATION CENTRE,OTHER POLLING STATIONS
Eastern,New Juaben,SUKUUMU (ASOKORE),METH. PRIM SCHOOL ASOKORE
Eastern,New Juaben,FOFIE,ASOKORE PALACE
Eastern,New Juaben,ZONGO,SALVATION ARMY CHURCH
Eastern,New Juaben,ABRODUA,R.C PRIM SCH. ASOKORE
Eastern,New Juaben,NTANO,HIGHWAYS ASOKORE
Eastern,New Juaben,ASAMANG,C.M.B SHED OYOKO
Eastern,New Juaben,ASUOGYA,NEW PALACE OYOKO A
Eastern,New Juaben,ADANEAGYA,METHODIST J.H.S OYOKO
Eastern,New Juaben,OYOKO ZONGO,METHODIST PRIM SCH. OYOKO
Eastern,New Juaben,AHENBRONOM JUMAPO,PRESBY PRIMARY SCHOOL JUMAPO
Eastern,New Juaben,YAANE,ANGLICAN PRIM SCH. JUMAPO
Eastern,New Juaben,SUHYEN,METHODIST PRIM. SCH. SUHYEN
Eastern,New Juaben,ASIKASU,ASIKASU CENTRAL JHS
Eastern,New Juaben,AKWADUM,POST OFFICE AKWADUM
Eastern,New Juaben,EDDI MENSAH,ADOPONSU POLLING STATION
Eastern,Atiwa,AKYEASE,PRESBY PRIM. SCH. KWABENG
Eastern,Atiwa,WINTINASE,A.M.E ZION PRIM. KWABENG
Eastern,Atiwa,BOMAA,PRESBY PRIM. BOMAA
Eastern,Atiwa,AKROFUFU,R/C PRIM. SCH. AKROFUFU
Eastern,Atiwa,MOURSO,L/A JSS MUORSO
Eastern,Atiwa,AKWABOOSO,METH. PRIM. SCH. AKWABOOSO
Eastern,Atiwa,EKORSO,S.D.A PRIM. SCH. EKORSO
Eastern,Atiwa,AKAKOM,PRESBY PRIM. SCH. AKAKOM
Eastern,Atiwa,ASUNAFO,FUNERAL GROUNDS ASUNAFO
Eastern,Atiwa,NANA DANSO (ABOMOSU),FUNERAL GROUNDS ABOMOSU
Eastern,Atiwa,ABU BONSRA (ABOMOSU),POLICE STATION AKUTUASE
Eastern,Atiwa,SANKUBENASE,R/C JSS SANKUBENASE
Eastern,Atiwa,MAMPONG,D/A PRIM. SCH. AMONOM
Eastern,Atiwa,TUMFA,PRESBY PRIM. SCH TUMFA
Eastern,Atiwa,AKROPONG,PRESBY PRIM. SCH. AKROPONG
Eastern,Atiwa,PAMENG,PRESBY PRIM. SCH PAMENG
Eastern,Atiwa,BANSO,DAY CARE CENTRE BANSO
Eastern,Atiwa,AWENARE,PRESBY PRIM. AWENARE
Eastern,Atiwa,AWOSOASE,R/C PRIM. KROBOMU
Eastern,Atiwa,ASAMAN TAMFOE,"L/A PRIM. SCH, SUKUUM ASAMAN TAMFOE"
Eastern,Atiwa,MOSEASE(OSOFO DAPAA),METH. CHURCH. AHENFIE SABOA MOSEASO
Eastern,Atiwa,GYEDUAHENEASE,PRESBY JSS AYIGBE TOWN ANYINAM
Eastern,Atiwa,DONKROM,R/C JSS BETHLEHEM
Eastern,Atiwa,ADASAWASE,PRESBY PRIM. SCH. AHENBRONOSO ADASAWASE
Eastern,Atiwa,ENYIRESI,L/A PRIM. SCH. AHENBRONSO ENYIRESI
Eastern,Atiwa,NEW JEJETI,R/C PRIM. SCH. ROMAN AREA JEJETI
Eastern,Atiwa,AKEYEM SEKYERE,L/A PRIM. SCH. AHENBRONOSO ENYIRESI
Eastern,Atiwa,DANKWA-ANKAASE,PENTECOST CHURCH DANKWA
Eastern,Atiwa,ABAKOASE,L/A PRIM SCH. ANAFO
Eastern,Atiwa,SUBRISO,L/A PRIM. SCH. SUBRISO
Eastern,Atiwa,AWURENSUA,PRESBY PRIM. SCH. AWURENSUA
Eastern,Atiwa,AKUTUASE,PRESBY PRIM. SCH AKUTUASE
Eastern,Atiwa,KADEWASO,PRESBY PRIM. SCH. SUKUUM KADEWASO
Eastern,Atiwa,TIAWIA /SUBRISO,FUNERAL GROUNDS TIAWIA
Eastern,Denkyembour,NEW WENCHI,PALACE SQUARE NEW WENCHI ‘A’
Eastern,Denkyembour,SOABE,SOABE CENTRAL
Eastern,Denkyembour,TAKROWASE,METH. CHURCH TAKROWASE
Eastern,Denkyembour,KUSI,FUNERAL GROUND KUSI
Eastern,Denkyembour,ASUBONE,MARKET CIRCLE NO. 4
Eastern,Denkyembour,ANWEASO/ADDAEKROM,ANWEASO L/A PRIM SCH.
Eastern,Denkyembour,AMANFROM,AMANFROM SOCIAL CENTRE
Eastern,Denkyembour,WALKER,JNR. STAFF CLUB
Eastern,Denkyembour,AWOSUA,COUNCIL HALL AKWATIA
Eastern,Denkyembour,KWAME KUMA,R/C PRIM. SCH. AKWATIA
Eastern,Denkyembour,YAWASO,LORRY STATION AKWATIA
Eastern,Denkyembour,DOMEABRA,PRESBY PRIM. SCH. AKWATIA
Eastern,Denkyembour,SADDAMS,ABROSANASE AKWATIA
Eastern,Denkyembour,BOADUA WEST,PRESBY JHS BOADUA
Eastern,Denkyembour,BOADUA EAST,FUNERAL GROUND BOADUA
Eastern,Denkyembour,TOPREMANG,PRESBY PRIM SCH TOPREMANG
Eastern,Denkyembour,SAKYIKROM,L/A PRIM. SCH. SAKYIKROM
Eastern,Denkyembour,DWENASE,PRESBY PRIM. SCH. DWENASE
Eastern,Denkyembour,OKUMANING,COCOA SHED OKUMANING
Eastern,Denkyembour,OKUMANING ARS,EXPERIMENTAL SCH. OKUMANING ARS
Eastern,Kwahu South,ELECTORAL AREA NAME,DESIGNATED REGISTRATION CENTRE
Eastern,Kwahu South,SUKWA,OSUKWA L/A J H S
Eastern,Kwahu South,ATUOBIKROM,R/C JHS ASEMPANAYE ATUOBIKROM
Eastern,Kwahu South,MFRAMA,"L/A PRIMARY SCHOOL, MAMPONG-KORANTENG"
Eastern,Kwahu South,OSUBEN,"FUNERAL GROUNDS, NKETIA"
Eastern,Kwahu South,KWAHU PRASO NO. 2,GPRTU KWAHU PRASO NO. 2
Eastern,Kwahu South,KWAHU PRASO NO. 1,R/C PRIMARY SCH. KWAHU PRASO NO. 1
Eastern,Kwahu South,DESIGNATED REGISTRATION CENTRE,OTHER POLLING STATIONS
Eastern,Kwahu South,BESEASE,"CMB SHED, BESEASE WEST"
Eastern,Kwahu South,TWENEDUASE,TWENEDUASE COMMUNITY CENTRE
Eastern,Kwahu South,OHANTRASE/BRONOSO,"REVENUE COLLECTIONS OFFICE, OBO"
Eastern,Kwahu South,BEGORO ASAMANYA,OBO POST OFFICE
Eastern,Kwahu South,OBOMENG,OBOMENG HEALTH OFFICE
Eastern,Kwahu South,ATIBIE,"FUNERAL GROUNDS, ATIBIE"
Eastern,Kwahu South,NTUNTUOAGYA,MPRAESO PRESBY PRIMARY ‘A’ SCH
Eastern,Kwahu South,DESIGNATED REGISTRATION CENTRE,OTHER POLLING STATIONS
Eastern,Kwahu South,NKRISA/NSUASE/KWASIFORI,MPRAESO POST OFFICE
Eastern,Kwahu South,AKROPONG,"CONCERT HOUSE, MPRAESO"
Eastern,Kwahu South,BRONOSO DADIASE,"L/A PRIMARY SCH., BEPONG NO. 2"
Eastern,Kwahu South,CHRISTIAN QUARTERS,"REVENUE OFFICE, BEPONG"
Eastern,Kwahu South,SUBENSO KYEKYENAMON,"SUBENSO L/A PRIMARY SCH,"
Eastern,Kwahu South,NTOMEM,"MARKET SQUARE, NTOMEN"
Eastern,Kwahu South,DESIGNATED REGISTRATION CENTRE,OTHER POLLING STATIONS
Eastern,Kwahu South,ASAKRAKA,"UNITED PRIMARY SCH, ASAKRAKA"
Eastern,Kwahu South,ASIKAM/ASIGYAKROBO,ASIKAM L/A JHS
Eastern,Kwahu South,PITIKU/NKYENENKYENE,PITIKU L/A PRIMARY
Eastern,Kwahu South,ADAWSO,ADAWSO L/A PRIMARY
Eastern,Kwahu South,NKETEPA,NKETEPA L/A PRIMARY SCH
Eastern,Kwahu South,NEW OWOROBONG,NKETEPA PRESBY PRIMARY
Eastern,Kwahu South,ELECTORAL AREA NAME,DESIGNATED REGISTRATION CENTRE
Eastern,Kwahu South,KWAHU AMANFROM,AMANFROM L/A PRIMARY
Eastern,Nsawam-Adoagyiri,ELECTORAL AREA NAME,DESIGNATED REGISTRATION CENTRE
Eastern,Nsawam-Adoagyiri,ANKWA DOBRO,L/A JHS ANKWA DOBRO ‘A’
Eastern,Nsawam-Adoagyiri,NSAWAM CENTRAL,"GES OFFICE, NSAWAM ‘A’"
Eastern,Nsawam-Adoagyiri,BANK ROAD,CHILD WELFARE CENTRE NSAWAM ‘A’
Eastern,Nsawam-Adoagyiri,KOJO,WESLEY DAY CARE CENTRE. NSAWAM
Eastern,Nsawam-Adoagyiri,ELECTORAL AREA NAME,DESIGNATED REGISTRATION CENTRE
Eastern,Nsawam-Adoagyiri,DUAYEDEN,AME ZION PRIM SCH
Eastern,Nsawam-Adoagyiri,AHODJO/OKOBEYEYIE,L/A PRIM SCH AHODJO
Eastern,Nsawam-Adoagyiri,DJANKROM EAST,METODIST JHS NSAWAM
Eastern,Nsawam-Adoagyiri,CANNERY QUARTERS,GOVT HOSPITAL NSAWAM ‘A’
Eastern,Nsawam-Adoagyiri,DJANKROM WEST,FIRE SERVICE PAKRO RD
Eastern,Nsawam-Adoagyiri,ELECTORAL AREA NAME,DESIGNATED REGISTRATION CENTRE
Eastern,Nsawam-Adoagyiri,ADOAGYIRI ZONGO,ARABIC SCH WANGARA LINE
Eastern,Nsawam-Adoagyiri,SABON ZONGO,R/C GIRLS ‘’B’’ AMOAKROM
Eastern,Nsawam-Adoagyiri,SAKYIKROM,L/A JHS AMAKO
Eastern,Nsawam-Adoagyiri,AKRAMAN,AKRAMAN PRIM SCH
Eastern,Nsawam-Adoagyiri,DAAMAN,PRESBY PRIM SCH DAAMAN
Eastern,Nsawam-Adoagyiri,DENSUSO,R/C GIRLS PRIM DOMPREH
Eastern,Nsawam-Adoagyiri,AKYINASO,OLD COURT BUILDING ADU KORKOR
Eastern,Nsawam-Adoagyiri,AKYINASO WEST,PRESBY PRIM SCH AKWAMU AMANFRO
Eastern,Nsawam-Adoagyiri,ELECTORAL AREA NAME,DESIGNATED REGISTRATION CENTRE
Eastern,Nsawam-Adoagyiri,DUADEKYE,"SHINNING STAR SCH, DUADEKYE"
Eastern,Nsawam-Adoagyiri,AKUFFOKROM,L/A SCH KWAFOKROM
Eastern,Nsawam-Adoagyiri,PANPANSO,TESHIE PANPANSO
Eastern,Nsawam-Adoagyiri,KROKESE,PANPANSO KROKESE
Eastern,Nsawam-Adoagyiri,BOWKROM,L/A SCH BOWKROM
Eastern,Nsawam-Adoagyiri,OPAREKROM,L/A PRIM SCH OPAREKROM
Eastern,Nsawam-Adoagyiri,OTUKWADJO,"PRESBY PRIM SCH, OTUKWADJO"
Eastern,Nsawam-Adoagyiri,DESIGNATED REGISTRATION CENTRE,OTHER POLLING STATIONS
Eastern,Nsawam-Adoagyiri,KWAKYEKROM/ODEIKROM,L/A PRIM KWAKYEKROM
Eastern,Nsawam-Adoagyiri,KWASIKROM/KWAME BOAFO,L/A PRIM SCH KWASIKROM
Eastern,Nsawam-Adoagyiri,YAW ADIPA/ ASIYAW,YAW ADIPA
Eastern,Nsawam-Adoagyiri,FOTOBI,FOTOBI ODUMASE
Eastern,Afram Plains North,BAADU,"PRESBY PRIM SCH,DONKOKROM"
Eastern,Afram Plains North,ZONGO OKAI,"ZONGO MOSQUE, DONKORKROM"
Eastern,Afram Plains North,ATAKORA,POLICE STATION DONKORKROM
Eastern,Afram Plains North,ABOTANSO,R/C PRIM. SCHOOL ABOTANSO No. 1
Eastern,Afram Plains North,KWAEKESE BAMBO,L/A PRIM SCHOOL KWAEKESE
Eastern,Afram Plains North,KWAEKESE GBEGLO,L/A JHS KWAEKESE
Eastern,Afram Plains North,ADIEMMRA,R/C PRIM.SCH.ADIEMMRA
Eastern,Afram Plains North,ADUKROM,L/A PRIM SCHOOL ADUKROM
Eastern,Afram Plains North,KAYERA,L/A PRIM SCHOOL KAYERA
Eastern,Afram Plains North,ANIDZE,L/A PRIM SCHOOL ANIDZE
Eastern,Afram Plains North,CHEMFRE AGBODZA,L/A PRIMAR SCHOOL MEM-CHEMFRE
Eastern,Afram Plains North,CHEMFRE FANU,R/C PRIM SCHOOL MEMCHEMFRE
Eastern,Afram Plains North,BRUDEN,L/A JHS BRUBEN
Eastern,Afram Plains North,ABOMASAREFO,"R/C PRIM. SCH, ABOMASAREFO"
Eastern,Afram Plains North,NEW KYEIASE,R/C PRIM. NEW KYEIASE
Eastern,Afram Plains North,NKAMI ASABI,L/A PRIM SCH. AMANKWA TORNU
Eastern,Afram Plains North,AMANKWAKROM,R/C PRIM. SCH. WESTERN BLOCK AMANKWAKROM
Eastern,Afram Plains North,KYEASE DADEASE,POLICE STATION KYEASE AMANKWAKROM
Eastern,Afram Plains North,FOASE TORGANU,L/A PRIM SCHOOL FOASE TORGANU
Eastern,Afram Plains North,GALLELIA,L/A PRIM. SCHOOL GALLELIA
Eastern,Afram Plains North,NYAKUIKOPE,L/A PRIM SCHOOL NYAKUIKOPE
Eastern,Afram Plains North,EDAVOKOPE,L/A PRIM SCHOOL EDAVOKOPE
Eastern,Afram Plains North,ADA NTETIA,L/A PRIM. SCH. ADA NTETIA
Eastern,Afram Plains North,AKROSO,PRESBY PRIM SCH. AHENBRONO NTONABOMA
Eastern,Afram Plains North,AGYAADE / YAMUORSO,R/C PRIM SCHOOL NTONABOMA
Eastern,Afram Plains North,ABOABO,L/A PRIM SCHOOL ADDAE AKURAA
Eastern,Afram Plains North,FRIPON/SHEITOR,L/A PRIM SCHOOL FRIPON
Eastern,Afram Plains North,DODI/AGYAADE,L/A PRIM SCH. DODI
Eastern,Afram Plains North,C.K KOPE/KWAKU DADE,L/A PRIM. SCH. C.K KOPE
Eastern,Afram Plains North,DIDWA,LA/ PRIM SCHOOL AMANFOSO
Eastern,Afram Plains South,EKYE ZONGO,L/A PRIM.SCH.EKYE AMANFROM
Eastern,Afram Plains South,SAMANKWE,L/A PRIM. SCH. BOAKYEKROM
Eastern,Afram Plains South,MEPE ADA TWI,ANGLICAN PRIM. SCH. EKYEMANFROM(A)
Eastern,Afram Plains South,AGYATA,L/A PRIM. SCH AGYATA
Eastern,Afram Plains South,BONKRON,D/A PRIM.SCH. BONKRON
Eastern,Afram Plains South,TREBU,L/A PRIM. SCH TREBU
Eastern,Afram Plains South,HLIHADZI,D/A PRIM.SCH. HLAHADZI
Eastern,Afram Plains South,TAKORATWENE,L/A PRIM. SCH. TAKORATWENE
Eastern,Afram Plains South,MAME KROBO WEST,"ABROKWA LODGE, MAME KROBO WEST"
Eastern,Afram Plains South,MAME KROBO EAST,"L/A PRIM. SCH, NAME KROBO EAST(A)"
Eastern,Afram Plains South,FORIFORI,L/A JSS FORIFORI
Eastern,Afram Plains South,KWASI FANTE,L/A PRIM SCHOOL KWASI FANTE
Eastern,Afram Plains South,KWAEKESE,
Eastern,Afram Plains South,FOSO,L/A SCHOOL FOSO PRIM
Eastern,Afram Plains South,DIM,D/A PRIMARY DIM
Eastern,Afram Plains South,ADIDOKPO,"L/A PRIM SCH, ADIDOKPO"
Eastern,Afram Plains South,ADZIDAKOPE,"D/A PRIMARY, ADZIDAKOPE"
Eastern,Afram Plains South,KWAME DWAMENA,L/A PRIM SCHOOL KWAME DWAMENA
Eastern,Afram Plains South,KWABENA KWAO,"D/A PRIMARY, KWABENA KWAO"
Eastern,Afram Plains South,ASENYENSU,
Eastern,Afram Plains South,AHENBRONOSO TEASE,"R/C PRIM SCH, TEASE No. 1"
Eastern,Afram Plains South,TEASE KURONKURON,COCOA SHED ZONGO TEASE
Eastern,Afram Plains South,DEDESO,R/C PRIM DEDESO
Eastern,Afram Plains South,ODUMASUA,L/A PRIM SCHOOL ODUMASUA
Eastern,Afram Plains South,SAMANHYIA,PRESBY PRIM. SCH. SAMANHYIA
Eastern,Afram Plains South,MMRADAN,D/A PRIM. SCH. MMRANDAN
Eastern,Afram Plains South,SOMSEI,LA PRIM.SCHOOL SOMSEI
Eastern,Afram Plains South,BEBUSO,R/C PRIM. SCH. BEBUSO
Eastern,Kwahu West,DOMEABRA NORTH,"Victory Prep Sch, Domeabra North (B)"
Eastern,Kwahu West,DOMEABRA SOUTH,Nkawkaw Senior High School
Eastern,Kwahu West,ADOAGYIRI,"Presby Jhs, Nkawkaw (A)"
Eastern,Kwahu West,NKAWKAW ASUBONI,Akuamoah Acheampong Jhs Nkawkaw
Eastern,Kwahu West,NEW TOWN,St. John’s Primary School New Town
Eastern,Kwahu West,NSUTA,Fire Service Nsuta South
Eastern,Kwahu West,NKAWKAW AMANFROM,Ecowas Piont Hotel
Eastern,Kwahu West,NKAWKAW CENTRAL,Market square (A) (A)
Eastern,Kwahu West,NKAWKAW ASUOGYA,Nkawkaw Post Office A
Eastern,Kwahu West,ATA-NE-ATA,"L/A Prim Sch A, Ata-Ne-Ata"
Eastern,Kwahu West,ACCRA TOWN,Health Office Nkawkaw
Eastern,Kwahu West,AKUADWOO,"Christ in Jesus church, Akuadwoo New Town East"
Eastern,Kwahu West,NKAWKAW ZONGO,Yeboah Girls Voc Sch Nkawkaw
Eastern,Kwahu West,ABEPOTIA/ODUMASE,"Presby Prim Sch, Abepotia"
Eastern,Kwahu West,NKAWANDA/KWAHU JEJETI,"L/A Primary Sch, Nkawanda No1"
Eastern,Kwahu West,MONSIE,"M/A Primary Sch, Monsie"
Eastern,Kwahu West,KWAHU NSABAA/ASUBONI No3,"Presby Primary Sch, Oframase"
Eastern,Kwahu West,EKAWSO,"L/A Primary Sch,Ekawso"
Eastern,Kwahu West,ASUBONI RAILS,"Presby Prim sch, Asuboni Rails A"
Eastern,Kwahu West,DANTENG,"L/A Junior high Sch, Danteng"
Eastern,Kwahu West,SAAFE/ESAASE,"Methodist Primary Sch, Esaase"
Eastern,Kwahu West,APRADAN,L/A Junior high Sch Apradan
Eastern,Kwahu West,FODOA/KOFI DEDE,"Methodist Primary Sch, Fodoa"
Eastern,Kwahu West,KWAHU DAA,"R/C Primary Sch, Kwahu Daa no1"
Eastern,Kwahu West,AWEREGYA,"L/A Primary Sch, Aweregya"
Eastern,Kwahu West,JAMASI,"L/A Junior high Sch,Jamasi No2"
Eastern,Yilo Krobo,AKORLEY,L/A PRIM. SCH. OJAM
Eastern,Yilo Krobo,NEW SOMANYA,METH. PRIM. SCH. NEW SOMANYA
Eastern,Yilo Krobo,OGOME,ANGLICAN PRIM. SCH.
Eastern,Yilo Krobo,ASINERSI,L/A PRIM. SCH. ASINERSI
Eastern,Yilo Krobo,SRA,PRESBY JHS SRA
Eastern,Yilo Krobo,PLAU,DISTRICT HEALTH OFFICE SOMANYA
Eastern,Yilo Krobo,ODAVE,APOSTOLIC PRIM. SCH. SOMANYA
Eastern,Yilo Krobo,OKPERPIEM,KWAO-KUMAH COURT YARD
Eastern,Yilo Krobo,AGAVENYA,SALVATION ARMY CHAPEL
Eastern,Yilo Krobo,ADJIKPO,ADJIKPO TERNGMITSANOR
Eastern,Yilo Krobo,SAWER,SAWER YORKORNO
Eastern,Yilo Krobo,GBEKORMANYA,LABOUR PRESBY PRIM. SCH. SOMANYA
Eastern,Yilo Krobo,OKWENYA,L/A PRIM. SCH. OKWENYA
Eastern,Yilo Krobo,ABOABO,OSEIKROM VOLTIC DEPOT
Eastern,Yilo Krobo,NKURANKAN,NKURAKAN PARISH HALL
Eastern,Yilo Krobo,OKORNYA,OKORNYA CLINIC
Eastern,Yilo Krobo,TREMANTI-DOGUANOR,CATH. PRIM SCH. DORNGUNOR
Eastern,Yilo Krobo,ABREWANKOR,ABREWANKOR L/A PRIM SCH.
Eastern,Yilo Krobo,APERSUA,L/A PRIM SCH. APERSUA
Eastern,Yilo Krobo,HUHUNYA,PRESBY PRIM. SCH. HUHUNYA
Eastern,Yilo Krobo,PLEYO-SIKABENG,L/A PRIM. SCH. SIKABENG
Eastern,Yilo Krobo,OTERPKOLU,OTERKPOLU R/C JHS
Eastern,Yilo Krobo,ONUMAKU,L/A PRIM. SCH. ONUMAKU
Eastern,Yilo Krobo,OBENYEMI,AGORJOR APOSTOLIC CHURCH
Eastern,Yilo Krobo,OBAWALE,OBAWALE PRESBY PRIM SCH.
Eastern,Yilo Krobo,TSEBI-TERYI,L/A PRIM SCH. TSEBI
Eastern,Yilo Krobo,TSOINGUA,TSOTSUNYA KG
Eastern,Yilo Krobo,BOTI,CATH. PRIM. SCH. BOTI
Eastern,Yilo Krobo,BOSOTWI,L/A PRIM. SCH. BOSOTWI
Eastern,Yilo Krobo,AKORWU-BANA,L/A JHS AKORWA-BANA
Eastern,Yilo Krobo,AKPO,AKPO PRESBY PRIM. SCH.
Eastern,Yilo Krobo,AKPAMU,R/C PRIM. SCH. AKPAMU
Eastern,Yilo Krobo,OPERSIKA,OPERSIKA L/A JHS
Eastern,Yilo Krobo,ABOA,L/A PRIM SCH. OMLASE
Eastern,Yilo Krobo,WURAPONG,WURAPONG L/A JHS
Eastern,Yilo Krobo,KLO-AGOGO,KLO-AGOGO SEN. SEC. SCH.
Eastern,Yilo Krobo,TSETSEKU,L/A PRIM. SCH. ESUOM YILO
Eastern,Yilo Krobo,OLUAHAI,R/C PRIM. SCH. OLUAHAI-DORSI
Eastern,Yilo Krobo,BRUKUM,BRUKUM MAWUMI L/A PRIM. SCH.
Eastern,Yilo Krobo,KLO-AKWAPIM,R/C PRIM. SCH. AKWAPIM
Eastern,Yilo Krobo,KOYIRE,METH. JHS. SOKWENYA
Eastern,Yilo Krobo,NSUTAPONG,NSUTAPONG PHC
Eastern,Yilo Krobo,SAMLESI,SAL.ARMY PRIM. SCH. SAMLESI
Eastern,Yilo Krobo,OBONLORKOR,AHINKWA L/A JHS
Eastern,Fanteakwa,AKIM JUASO,D/A Prim. Sch. Akim Juaso
Eastern,Fanteakwa,SAAMANG,D/A JHS Saamang
Eastern,Fanteakwa,NSUTAM,D/A JHS Nsutam
Eastern,Fanteakwa,OFOASE/NKATEASE,"Market Square, Osino"
Eastern,Fanteakwa,AKYEASE,Presby JHS.Osino
Eastern,Fanteakwa,ABOMPE,"Post Office, Abompe"
Eastern,Fanteakwa,DWENASE,"Appiah Darkwa Forecourt,Dwenase"
Eastern,Fanteakwa,DOME,Methodist Prim. Sch. Dome
Eastern,Fanteakwa,ASUAKORSO,"Durbar Grounds, Akim Hemang"
Eastern,Fanteakwa,BONTORSO,Presby Prim.Sch. Akim Hemang
Eastern,Fanteakwa,MAANE/KUBEASE,Presby Prim. Sch. Bosuso
Eastern,Fanteakwa,ZONGO/ AHENBRONMU,"Durbar Grounds, Bosuso"
Eastern,Fanteakwa,ADJEIKROM,D/A Prim. Sch. Adjeikrom
Eastern,Fanteakwa,EHIAMEN-KYENE,R/C Prim. Sch. Ehiamankyene
Eastern,Fanteakwa,ASEDJA,D/A Prim. Sch. Asedja
Eastern,Fanteakwa,BEPOASE,Methodist JHS. Bepoase
Eastern,Fanteakwa,Market Centre Koradaso,Market Centre Koradaso
Eastern,Fanteakwa,ZONGO/KORADASO,"Local Council offices, Begoro"
Eastern,Fanteakwa,BONTRASE,"Anglican Prim. Sch. A, Begoro"
Eastern,Fanteakwa,MISSION,Presby Boys Boarding Begoro
Eastern,Fanteakwa,OBUASE,Osuben Street Obuase Begoro
Eastern,Fanteakwa,SEKYERE,"Apeaning Street, Begoro"
Eastern,Fanteakwa,ABAASE,Abaase ”A”. Begoro
Eastern,Fanteakwa,ODUMASE WEST,Apebooso Begoro
Eastern,Fanteakwa,ODUMASE EAST,Odumase Market. Begoro
Eastern,Fanteakwa,OPARE,D/A JHS Apaa
Eastern,Fanteakwa,OBOOHO,D/A Prim. Sch. Obooho
Eastern,Fanteakwa,NKANKAMA,D/A Prim. Sch. Nkankama
Eastern,Fanteakwa,ONUKU,D/A Prim Sch. Onuku
Eastern,Fanteakwa,AKORADAKO,D/A Prim Sch. Akoradarko
Eastern,Fanteakwa,AHOMAHO-MASO,D/A JHS Ahomahomaso
Eastern,Fanteakwa,BESEBUOM,R/C Prim. Sch.Mantamu
Eastern,Fanteakwa,ADDOKROM,D/A Prim. Sch. Addokrom
Eastern,Fanteakwa,D/A Prim. Sch. Nteso No 1,NTANOAM/NTESU
Eastern,Fanteakwa,D/A Prim. Sch. Papramanteng,PAPRAMAN-TENG
Eastern,Fanteakwa,D/A Prim Sch. Akwamu/kotuku,AKWAMU/KOTOKU
Eastern,Fanteakwa,D/A Prim Sch. Feyiase,FEYIASE
Eastern,Fanteakwa,D/A Prim. Sch. Miaso No 1,MIASO NO1
Eastern,Fanteakwa,D/A Prim. Sch. Asirebuso,ASIREBUSO
Eastern,Fanteakwa,R/C Prim. Sch. Abooso,ABOOSO
Eastern,Fanteakwa,DOMINASE,D/A Prim. Sch. Dominase
Eastern,Fanteakwa,ODORTOM,D/A Prim Sch. Odortorm
Eastern,Fanteakwa,DEDESEWRAKO,R/C Prim Sch. Dedeso No1
Eastern,Fanteakwa,MPAEM,Presby Prim. Sch. Mpaem
Eastern,ASUOGYAMAN,NEW AKRADE,POST OFFICE. NEW AKRADE
Eastern,ASUOGYAMAN,SENCHI,R. C. J.H.S. NEW SENCHI
Eastern,ASUOGYAMAN,SOUTH SENCHI,"L. A. PRIMARY SCHOOL, SOUTH SENCHI"
Eastern,ASUOGYAMAN,BUDUKROM,"APOSTOLIC CHURCH, DZIDZOKOPE"
Eastern,ASUOGYAMAN,ATIMPOKU,"GPRTU OFFICE, ATIMPOKU"
Eastern,ASUOGYAMAN,MANGOASE,"PENTECOST CHURCH, AKWAMU POWMU"
Eastern,ASUOGYAMAN,AKWAMUFIE,"POST OFFICE, AKWAMUFIE"
Eastern,ASUOGYAMAN,AKOSOMBO TEXTILES LTD. AKOSOMBO,"COMMUNITY CENTRE, AKOSOMBO"
Eastern,ASUOGYAMAN,LOWER ASUKWAO,"TWO-IN-ONE, AKOSOMBO"
Eastern,ASUOGYAMAN,KYEASE,"UPPER DAY NURSERY, AKOSOMBO"
Eastern,ASUOGYAMAN,"NEW COMBINE, AKOSOMBO","NEW COMBINE SOUTH A, AKOSOMBO"
Eastern,ASUOGYAMAN,PUPUNI,"FAMILY LIFE CHAPEL, COMBINE NORTH"
Eastern,ASUOGYAMAN,"COMMUNITY ONE, AKOSOMBO",INTERNATIONAL SCH. AKOSOMBO
Eastern,ASUOGYAMAN,NNUDU/ABOASA,PRESBY JHS. KWANYAKO
Eastern,ASUOGYAMAN,APEGUSO,"HOME SCIENCE BLOCK, APEGUSO"
Eastern,ASUOGYAMAN,ANYANSU,L A PRIM SCH. ANYANSU
Eastern,ASUOGYAMAN,MPAKADAN,L A PRIM. SCH. NEW MPAKADAN
Eastern,ASUOGYAMAN,MORGADZI,"HEALTH CENTRE, FRANKADUA FIATO"
Eastern,ASUOGYAMAN,DZEDEKA,PRESBY. PRIM. SCH.FRANKADUA NETIKOPE
Eastern,ASUOGYAMAN,FINTEY,L A PRIMARY. SCHOOL. FINTEY
Eastern,ASUOGYAMAN,OSIABURA,PRESBY. PRIM. SCH. OSIABURA
Eastern,ASUOGYAMAN,ASIKUMA,PRESBY. PRIM. SCH. ASIKUMA
Eastern,ASUOGYAMAN,LABOLABO / NEW DODI,PRESBY PRIM. SCH. NEW NKWAKUBEW
Eastern,ASUOGYAMAN,NEW NKWAKUBEW,"AGRIC. STATION, NEW NKWAKUBEW"
Eastern,ASUOGYAMAN,AMOANDA,INFORMATION CENTRE ANUM
Eastern,ASUOGYAMAN,AMANFRO,"POST OFFICE, ANUM"
Eastern,ASUOGYAMAN,APENKWA,CHRISTIAN STANDARDS PRIM SCH. ANUM
Eastern,ASUOGYAMAN,TOSENG/NANYOR,L A PRIM SCH. DODI ASANTEKROM
Eastern,ASUOGYAMAN,ODUOSO,"PRESBY CHURCH, BOSO"
Eastern,ASUOGYAMAN,KYEKYEE,"COMMUNITY CENTRE, BOSO"
Eastern,ASUOGYAMAN,ANYAASE,1. L A PRIM. SCH. SURVEYLINE
Eastern,ASUOGYAMAN,GYAKITI,PRESBY PRIM. SCH. GYAKITI
Eastern,ASUOGYAMAN,ADUMASA,L A PRIM. SCH. ADJENA-POPONYA
Eastern,ASUOGYAMAN,ADJENA EAST,HEALTH POST NEW ADJENA
Eastern,ASUOGYAMAN,PESSE (ADJENA WEST),"PESSE POLLING STATION, ADJENA"
Eastern,ASUOGYAMAN,YENIAMA,"VILLAGE CENTRE, YENIAMA-JUNCTION"
Eastern,ASUOGYAMAN,ADJENA DORNOR,L A PRIM SCH. ADJENA-DORNOR
Eastern,Akyemansa,ABENASE,PRESBY PRIM. SCH. ABENASE
Eastern,Akyemansa,GYAHA,L/A PRIM SCH. GYAHA
Eastern,Akyemansa,MUKYIA,CMB SHED MUKYIA
Eastern,Akyemansa,ANYINASE,R C PRIM. SCH. ANYINASE
Eastern,Akyemansa,ADJOBUE,GCB PRIM. SCH. ADJOBUE
Eastern,Akyemansa,ETWERESO CAMP,LA PRIM. SCH. ETWERESO CAMP
Eastern,Akyemansa,ETWERESO,METH. PRIM SCH. ETWERESO
Eastern,Akyemansa,KWABOADI NO. 2,LA PRIM. SCH. KWABOADI NO.2
Eastern,Akyemansa,ASABIDIE,L A PRIM SCH. ASABIDIE
Eastern,Akyemansa,AKIM EDUBIASE,MDCC ADUBIASE
Eastern,AYENSUANO,ELECTORAL AREA NAME,DESIGNATED REGISTRATION CENTRE
Eastern,AYENSUANO,YAKOKO,"PRESBY PRIMARY SCHOOL, YAKOKO"
Eastern,AYENSUANO,TEACHER MANTE,"PRESBY JHS, TEACHERMANTE"
Eastern,AYENSUANO,DOMEABRA,L/A PRIMARY SCH. AMPONHENE ANUM
Eastern,AYENSUANO,GOVINAKROM,"D/A JHS , GOVINAKROM"
Eastern,AYENSUANO,KYEKYEWERE,D/A PRIMARY SCHOOL KYEKYEWERE
Eastern,AYENSUANO,APAU WAWASE,D/A PRIMARY SCHOOL APAU WAWASE
Eastern,AYENSUANO,ASUBOI,HOME SCIENCE CENTRE ASUBOI (A)
Eastern,AYENSUANO,ELECTORAL AREA NAME,DESIGNATED REGISTRATION CENTRE
Eastern,AYENSUANO,ASUBOI,HOME SCIENCE CENTRE ASUBOI (A)
Eastern,AYENSUANO,MANKRONG,PRESBY PRIMARY SCHOOL MANKRONG
Eastern,AYENSUANO,AYE KOKOOSO,D/A J H.S. AYE
Eastern,AYENSUANO,AMANASE SOUTH,PRESBY PRIMARY SCHOOL AMANASE
Eastern,AYENSUANO,AMANASE NORTH,"TEMP. BOOTH, AMANASE ZONGO"
Eastern,AYENSUANO,SOWATEY NORTH,D/A PRIMARY SCHOOL SOWATEY
Eastern,AYENSUANO,SOWATEY SOUTH,D/A J H S KYENKULARBI
Eastern,AYENSUANO,KUANO,DOMI. R/C PRIMARY SCHOOL
Eastern,AYENSUANO,ELECTORAL AREA NAME,DESIGNATED REGISTRATION CENTRE
Eastern,AYENSUANO,ANUM APAPAM NORTH,MARKET SQUARE ANUM APAPAM
Eastern,AYENSUANO,ANUM APAPAM SOUTH,PRESBY PRIM. SCH. ANUM APAPAM
Eastern,AYENSUANO,KOFI PARE,KOFI PARE D/A J.H.S
Eastern,AYENSUANO,OTOASE,PRESBY J.H.S. OTOASE
Eastern,AYENSUANO,MARFOKROM,ANGLICAN PRIM. SCH. MARFOKROM
Eastern,AYENSUANO,AKOTUAKROM/MAMAKROM,PRESBY PRIM. SCH. AKOTUAKROM
Eastern,AYENSUANO,KRABOAKESE,PRESBY J.H.S. KRABOKESE
Eastern,AYENSUANO,KRABOA,D/A J.H.S. KRABOA
Eastern,AYENSUANO,DESIGNATED REGISTRATION CENTRE,OTHER POLLING STATIONS
Eastern,AYENSUANO,AMANFOSO,PRESBY CHAPEL COALTAR
Eastern,AYENSUANO,AMANFOSO,L/A PRIMARY SCH. NTOWKROM
Eastern,AYENSUANO,LA -MANGOASE,TEMP. BOOTH LA-MANGOASE
Eastern,AYENSUANO,DOKROKOCHIWA,"D/A J.H.S., DOKROCHIWA"
Eastern,AYENSUANO,KWABOANTA,L/A PRIMARY SCHOOL KWABOANTA
Eastern,AYENSUANO,BEPOASE,PRESBY PRIMARY SCHOOL BEPOASE
Eastern,Birim North,OKAIKROM,"L/A JHS, OKAIKROM"
Eastern,Birim North,OLD ABIREM,ANGLICAN PRIM. OLD ABIREM
Eastern,Birim North,MAMANSO,L/A JSS MAMANSO (A)
Eastern,Birim North,NEW ABIREM,"OLD PALACE, NEW ABIREM (A)"
Eastern,Birim North,HWEAKWAE,"R/C JHS, HWEAKWAE"
Eastern,Birim North,ADAUSENA,METH. PRIM ADAUSENA
Eastern,Birim North,AHENBRONOM,"R/C/ JHS, AHEN. NTRONANG"
Eastern,Birim North,DADEASE NTRONANG,"PRESBY PRIM, NTRONANG"
Eastern,Birim North,NKWARTENG,"PRESBY PRIM, NKWARTENG (A)"
Eastern,Birim North,AHENBRONOM AFOSU,"ISLAMIC PRIM, EBOOM AFOSU"
Eastern,Birim North,BETOOM AFOSU,"PRESBY JHS, AFOSU"
Eastern,Birim North,PRA,L/A JHS ABODOM
Eastern,Birim North,AMENAM/AKROFUNSO,L/A PRIM. AKROFUNSO
Eastern,Birim North,ADADEKROM/MPINTIMPI,CMB SHED MPINTIMPI
Eastern,Birim North,NYAFOMANG,"R/C PRIM, NYAFOMANG (A)"
Eastern,Birim North,NWINSO/NOYEM,R/C PRIM. NOYEM
Eastern,Birim North,AHENBRONOM AMUANA PRASO,MTHE. PRIM. AHEN. AMUANA PRASO
Eastern,Birim North,SANTAASE AMUANA PRASO,L/A JHS SANTASE AMUANA PRASO
Eastern,Birim North,AMOA,L/A JHS AMOA
Eastern,Birim North,ABOOSO AKUASE,"PRESBY JHS, AKUASE"
Eastern,Birim North,CHENCHENKU/TEKYEMSO,L/A PRIM TENKYEMSO
Eastern,Birim North,PANKESE,"R/C JHS, PANKESE"
Eastern,Birim North,ODONTEASE/DOMERABRA,L/A PRIM. ODONTEASE
Eastern,Birim North,TWEAPEASE,L/A PRIM. TWEAPEASE
Eastern,Kwaebibirem,ELECTORAL AREA NAME,DESIGNATED REGISTRATION CENTRE
Eastern,Kwaebibirem,ADANKRONO,"DURBAR GROUNDS, ADANKRONO"
Eastern,Kwaebibirem,ZONGO WEST,KADE SEC. SCH.
Eastern,Kwaebibirem,ZONGO EAST,"N.C.C.E OFFICE, KADE"
Eastern,Kwaebibirem,NSUASE,"METHODIST JHS, KADE"
Eastern,Kwaebibirem,KUBEASE,PUBLIC LIBRARY. KADE
Eastern,Kwaebibirem,ABAASE,"BUS STOP, KADE"
Eastern,Kwaebibirem,DESIGNATED REGISTRATION CENTRE,OTHER POLLING STATIONS
Eastern,Kwaebibirem,SUBI,"DURBAR GROUNDS, SUBI"
Eastern,Kwaebibirem,ABODOM,PRESBY PRIMARY SCH. ABODOM
Eastern,Kwaebibirem,OKYINSO,"L/A PRIMARY SCH, OKYINSO"
Eastern,Kwaebibirem,ABAAM,"R/C PRIMARY SCH., ABAAM"
Eastern,Kwaebibirem,BONTODUASE ABAAM,PRESBY PRIMARY SCH. ABAAM
Eastern,Kwaebibirem,PRAMKESE AHENBRONOM,"CMB SHED, PRAMKESE"
Eastern,Kwaebibirem,PRAMKESE-CHRISTIAN LANE,"FUNERAL GROUNDS, PRAMKESE"
Eastern,Kwaebibirem,DESIGNATED REGISTRATION CENTRE,OTHER POLLING STATIONS
Eastern,Kwaebibirem,TAKYIMAN ABAASE,"CMB COCOA SHED, TAKYIMAN"
Eastern,Kwaebibirem,KWAMANG,PRESBY PRIMARY SCH. KWAMANG
Eastern,Kwaebibirem,ABENASO,"PRESBY PRIMARY SCH, ABENASO"
Eastern,Kwaebibirem,ADANSI - ASUOM,PRESBY PRIMARY SCH. ASUOM
Eastern,Kwaebibirem,BEPOWSO-ASUOM,"PENTECOST CHURCH ‘B’ ,ASUOM"
Eastern,Kwaebibirem,APENKWA-ASUOM,"PRESBY CHURCH, ASUOM"
Eastern,Kwaebibirem,TIBOASE-ASUOM,"METHODIST CHURCH, ASUOM"
Eastern,Kwaebibirem,AMANFROM-ASUOM,"CMB COCOA SHED, ASUOM"
Eastern,Kwaebibirem,ABOASA-ASUOM,"COUNCIL OFFICE, ASUOM"
Eastern,Kwaebibirem,BOMSO,"CMB SHED, BOMSO"
Eastern,Kwaebibirem,DESIGNATED REGISTRATION CENTRE,OTHER POLLING STATIONS
Eastern,Kwaebibirem,TWEAPEASE,"CMB SHED, TWEAPEASE"
Eastern,Kwaebibirem,NTRONANG,"L/A PRIMARY SCH., NTRONANG"
Eastern,Kwaebibirem,LARBIKROM,PRESBY PRIMARY SCH. LARBIKROM
Eastern,Kwaebibirem,ATOBRISO,L/A PRIMARY SCH. ATOBRISO NO. 1
Eastern,Kwaebibirem,AKAWANI,L/A PRIMARY SCH. AKAWANI
Eastern,Kwaebibirem,KOKA-MINTA-BOMENG,L/A PRIMARY SCH. MINTA-BOMENG
Eastern,Kwaebibirem,JAMES TOWN,"COMMUNITY HEALTH POST, JAMES TOWN"
Eastern,Kwaebibirem,PEGA,"LORRY STATION, PEGA"
Eastern,Kwaebibirem,KWAE,"MARKET SQUARE, KWAE"
Eastern,Kwaebibirem,ANWEAM,R/C PRIMARY SCH. ANWEAM
Eastern,Kwaebibirem,DESIGNATED REGISTRATION CENTRE,OTHER POLLING STATIONS
Eastern,Kwaebibirem,OTUMI PABI,PRESBY PRIMARY SCH. OTUMI
Eastern,Kwaebibirem,OTUMI -TABEN,"MARKET SQUARE, OTUMI"
Eastern,Kwaebibirem,DARMANG,DARMANG PRESBY PRIMARY SCH.
Eastern,Kwaebibirem,MANGOASE-NKWANTANANG,"METHODIST PRIMARY SCH., NKWANTANANG"
Eastern,Kwaebibirem,AHENBRON0M- NKWANTANANG,"POST OFFICE , NKWANTANANG"
Eastern,Birim Central,COMMUNITY 1 ODA,MUNICIPAL OFFICE ODA
Eastern,Birim Central,GIGGISBERG ODA,PRESBY PRIM SCH ODA
Eastern,Birim Central,PWD CAMP,R/C PRIM SCH ODA
Eastern,Birim Central,COMMUNITY 2 ODA,METH JHS ODA (A)
Eastern,Birim Central,MORNING STAR ODA,MORNING STAR ODA
Eastern,Birim Central,RESIDENTIAL ODA,RIDGE JHS AKIM ODA
Eastern,Birim Central,NKWANTANUM ODA,NKWANTANUM WEST ODA
Eastern,Birim Central,NSENAA ODA,NSENAA AKIM ODA
Eastern,Birim Central,TOWOBOTOM ODA,TOWOBOTOM AKIM ODA
Eastern,Birim Central,ASENEE ODA,ASENEE AKIM ODA
Eastern,Birim Central,AHENBRONOM ODA,AHENBRONOM ODA OLD TOWN
Eastern,Birim Central,KYEREMIN NO 2,KYEREMIN NO 2 ODA OLD TOWN
Eastern,Birim Central,NYAKOMASU ODA,ANNOU AKIM ODA OLD TOWN
Eastern,Birim Central,SRODAI ODA,METH L/A PRIM SCH ODA OLD TOWN
Eastern,Birim Central,ODA NKWANTA,L/A PRIM SCH ODA NKWANTA
Eastern,Birim Central,GYADAM,L/A PRIM SCH GYADEM
Eastern,Birim Central,ESSAM,L/A PRIM SCH ESSAM
Eastern,Birim Central,AWISA WEST ASENE,R/C JHS ASENE
Eastern,Birim Central,ODUMASE ASENE,BEPOSO SOUTH ASENE
Eastern,Birim Central,AWISA EAST ASENE,AWISA EAST ASENE
Eastern,Birim Central,ABOABO,NEAR CHIEFS PALACE ABOABO
Eastern,Birim Central,BEPOSO MANSO,BEPOSO AKIM MANSO
Eastern,Birim Central,PETENYINASE,PETENYINASE AKIM MANSO
Eastern,Birim Central,DADIESOABA MANSO,AME ZION PRIM SCH MANSO
Eastern,Birim Central,AMANTEN NKWANTA,CATH PRIM SCH AMANTEM NKWANT
Eastern,Birim Central,SUPONSO,L/A PRIM SCH SUPONSO
Eastern,Birim Central,ASUBOA,FUNERAL GROUNDS ASUBOA
Eastern,Birim Central,SALEM ASUBOA,PRESBY PRIM SCH ASUBOA
Eastern,Birim Central,ASANTEMAN,L/A PRIM SCH ASANTEMAN
Eastern,Birim Central,MOFRAM,L/A PRIM SCH APINTO
Eastern,Birim Central,AMANFROM AKROSO,L/A JHS AMANFROM AKROSO
Eastern,Birim Central,NKWANTANAN AKROSO,SALV ARMY SCH AKROSO
Eastern,Birim Central,APONTUASO AKROSO,PRESBY PRIM SCH AKROSO
Eastern,Birim Central,KYINSO AKROSO,AKROSO MARKET SQUARE KYINSO
Eastern,Birim Central,AKROSO NEW TOWN,HEALTH CENTRE AKROSO
Eastern,Birim Central,ASUOSO,L/A PRIM SCH ASUOSO
Eastern,Birim Central,BADUKROM/TABITA,CMB SHED BADUKROM
Eastern,Birim Central,TEACHER ATTA,L/A PRIM SCH KOFORIDUA
Eastern,Birim Central,BANTAMA,L/A PRIM SCH BANTAMA
Eastern,Birim Central,ESHIEM,L/A PRIM SCH ESHIEM NORTH
Eastern,Kwahu East,DOMPIM,NKWATIA INFORMATION CENTRE
Eastern,Kwahu East,"DENTESO/BRONOSO/C,QTRS.",BRONOSO NKWATIA
Eastern,Kwahu East,ADUAMOAH,ADUAMOA INFORMATION CENTRE
Eastern,Kwahu East,AKYEMASE,ABETIFI COMM. CENTER
Eastern,Kwahu East,"KUBEASE/OWENEASE/C, QTRS.",ABETIFI ANGLICAN SCHOOL
Eastern,Kwahu East,PEPEASE,PEPEASE POST OFFICE
Eastern,Kwahu East,ABENE,ABENE METH. PRIM. SCH.
Eastern,Kwahu East,HWEEHWEE,HWEEHWEE PRESBY PRIM. SCH.
Eastern,Kwahu East,SEMPOAKROM,LORRY PARK SEMPOAKROM
Eastern,Kwahu East,NKWANTANAN,L/A PRIM. SCH. NKWANTANAN
Eastern,Kwahu East,AHINASE,L/A PRIM SCH. AHINASE
Eastern,Kwahu East,SUMINAKESE,SUMINAKESE L/A PRIM SCH.
Eastern,Kwahu East,DWEREBEASE,DWEREBEASE PRESBY PRIM
Eastern,Kwahu East,ETIA AMANFROM,PRESBY PRIM. SCHOOL
Eastern,Kwahu East,KOTOSO,L/A PRIM SCH. KOTOSO
Eastern,Kwahu East,AKYEASE,COMM. LIBRARY AKYEASE
Eastern,Kwahu East,BUKURUWA,DURBAR GROUNDS BOKURUWAA
Eastern,Kwahu East,NTESO,NTESO ANGLICAN PRIMARY
Eastern,Kwahu East,OFRAMOASE,L/A PRIMARY OFRAMASE
Eastern,Kwahu East,MIASO,L/A PRIM. SCHOOL MIASO
Eastern,Kwahu East,ANKOMAH,L/A PRIM. SCH. ANKOMAH
Eastern,Kwahu East,AKWASIHO,CMB SHED AKWASIHO
Eastern,Upper Manya Krobo,COMMUNITY A ASESEWA,METH PRIM SCH ASESEWA
Eastern,Upper Manya Krobo,COMMUNITY B ASESEWA,NAS.ISLAMIC SCH.ASESEWA
Eastern,Upper Manya Krobo,COMMUNITY C ASESEWA,D/A PRIM ASESEWA
Eastern,Upper Manya Krobo,COMMUNTY D ASESEWA,ASESEWA SHS ASESEWA A
Eastern,Upper Manya Krobo,COMMUNITY E/F ASESEWA,METH JHS ASESEWA
Eastern,Upper Manya Krobo,AKOHIA,PRESBY PRIM AKOHIA
Eastern,Upper Manya Krobo,AWORWORSO,ATTER’S HSE AWORWORSO DJUANYA
Eastern,Upper Manya Krobo,LOWER BREPAW,R/C PRIM LOWER BREPAW
Eastern,Upper Manya Krobo,POLIWA,D/A JHS ZUYUMUNOR
Eastern,Upper Manya Krobo,TENGUANYA,D/A PRIM TENGUANYA
Eastern,Upper Manya Krobo,TRADORKOR/SUTAPONG,D/A PRIM SUTAPONG
Eastern,Upper Manya Krobo,SUTAWA/BREPONSU,NR.MUSAMA DIS. CHRISTO CH. SUTAWA
Eastern,Upper Manya Krobo,ADWENSO/TAKORASE,ANG JHS TAKORASE
Eastern,Upper Manya Krobo,OSONSON,R/C PRIM OSONSON
Eastern,Upper Manya Krobo,OTROKPER,PRESBY JHS OTROKPER
Eastern,Upper Manya Krobo,ESUOM/AKATAWIAH,R/C PRIM AKATAWIAH
Eastern,Upper Manya Krobo,SEKESUA,PRESBY PRIM SEKESUA NO 1
Eastern,Upper Manya Krobo,DJAMAM,D/A PRIM DJAMAM
Eastern,Upper Manya Krobo,MENSAH DAWA,D/A JHS MENSAH DAW
Eastern,Upper Manya Krobo,ODOMETA,D/A PRIM ASASEHENE
Eastern,Upper Manya Krobo,DAWATRIM,R/C PRIM DAWATRIM
Eastern,Upper Manya Krobo,BISA,D/A JHS BISA
Eastern,Upper Manya Krobo,SAWA,PRESBY PRIM SAWA
Eastern,Upper Manya Krobo,ANYABONI,D/A PRIM SCH ANYABONI
Eastern,Upper Manya Krobo,AFRAMASE/RE-SETTLEMENT,D/A JHS ANYABONI RESET.
Eastern,Upper Manya Krobo,APIMSU,D/A JHS APIMSU
Eastern,Upper Manya Krobo,TIMERSU,D/A PRIM SCH AKATENG A
Eastern,Upper Manya Krobo,SISIAMANG,D/A PRIM SISIAMANG SISI
Eastern,Upper Manya Krobo,SISIAMANG-YITI/PLETSI,D/A JHS SISIAMANG YITI
Eastern,Upper Manya Krobo,BREPAW,PRESB. PRI. MANYA BREPAW
Eastern,Upper Manya Krobo,ABESRE,METH PRIM ABESRE
Eastern,Upper Manya Krobo,KONKONEY,PRESB. PRIM FEEFEE
Eastern,Upper Manya Krobo,AKUMERSU/AKONTAA,D/A PRIM SCH AKUMERSU E033302
